Case,BLACK,CAUCASIAN,HISPANIC,ASIAN,Donor Column,Minimum
1,2.07E-06,4.82E-07,5.49E-07,5.99E-07,C1,5.99E-07
2,2.95E-14,8.31E-15,2.41E-14,2.17E-13,C1,8.31E-15
3,1.72E+14,3.12E+12,1.84E+12,3.08E+11,C1,3.08E+11
4,120876000,5222490,4206250,181975,C1,181975
5,19902.2,3152.39,8370.22,1258.89,C1,1258.89
6,43.9037,5.39024,10.0107,1537.47,C1,5.39024
7,107722,1894510,875072,714926,C1,107722
8,9002250000,20007600,827439000,8958960000,C1,20007600
9,2.40E-16,3.42E-17,4.99E-17,8.41E-17,C1,3.42E-17
10,3.29E-18,4.54E-19,1.33E-18,3.52E-17,C1,4.54E-19
11,0.866586,0.0754592,1.47362,103.624,C1,0.0754592
12,14.0986,0.122745,0.348441,1.15192,C1,0.122745
13,14842900000,3510930000,712944000,1304070000,C1,712944000
14,3.97E-13,6.31E-16,7.81E-16,2.35E-15,C1,6.31E-16
15,0.000760839,2.28E-07,9.04E-06,8.30E-07,C1,2.28E-07
16,0.00683181,0.0126784,0.00278098,0.00838333,C1,0.00278098
17,1.90E-09,4.12E-10,8.16E-10,3.95E-09,C1,4.12E-10
18,5.89E-13,1.83E-11,3.26E-12,1.62E-11,C1,5.89E-13
19,187326000,1388980,3539810,97461.6,C1,97461.6
20,335698,3147610,329799,4555760,C1,329799
21,3037.96,45131.1,1792.9,1714350,C1,1792.9
22,233448000,3689130000,169889000,11482100000,C1,169889000
23,233448000,3689130000,169889000,11482100000,C1,169889000
24,54235600000,985521000,16120700000,4.43E+11,C1,985521000
25,1.44E+11,7603920000,3.70E+11,7.59E+12,C1,7603920000
26,335644000,4140510,59977200,1528170000,C1,4140510
27,0,0,0,0,C1,0
28,1.12E+11,13187500000,2534060000,2.89E+11,C1,2534060000
29,3.30E+12,3.03E+11,43137500000,3.28E+12,C1,43137500000
30,1.85E+13,1.10E+12,6.68E+11,5.57E+13,C1,6.68E+11
31,6.85E+12,2.66E+11,1.34E+11,1.35E+13,C1,1.34E+11
32,44973500000,3620750000,78185400,719382000,C1,78185400
33,1.85E+15,1.68E+14,2.84E+12,5.09E+13,C1,2.84E+12
34,3.14E+11,56427100000,478952000,700905000,C1,478952000
35,83434200,2448670,1771500,213860000,C1,1771500
36,1.75E+12,13089300000,17575200000,7.33E+11,C1,13089300000
37,1.34E+12,6914190000,2675980000,2.78E+11,C1,2675980000
38,76444500,990659,1766260,118461000,C1,990659
39,2200780000,135434000,1241790000,2.80E+12,C1,135434000
40,135162000,10549500,101162000,4.79E+11,C1,10549500
41,1875390000,349888000,2177370000,1.28E+13,C1,349888000
42,6237130000,299547000,4652760000,1.36E+13,C1,299547000
43,27346600000,8.93E+11,3.74E+11,3.61E+12,C1,27346600000
44,1604110000,1.68E+11,27336900000,2.30E+11,C1,1604110000
45,4629580000,2.75E+11,94047700000,4.14E+11,C1,4629580000
46,16229700000,8.91E+11,1.90E+11,1.98E+12,C1,16229700000
47,1.22E-10,1.19E-09,8.04E-11,1.04E-10,C1,8.04E-11
48,7.49E+14,9.00E+12,7.59E+11,17981300000,C1,17981300000
49,1.41E-16,1.86E-17,6.14E-18,6.13E-18,C1,6.13E-18
50,1.23E-24,2.84E-26,6.14E-26,3.44E-24,C1,2.84E-26
51,761053000,12544700000,661072000,89409800000,C1,661072000
52,33764200,407638000,22621900,6212160000,C1,22621900
53,27890900,463688000,20839300,7890350000,C1,20839300
54,74315000000,2268160000,88589000000,3.42E+12,C1,2268160000
55,4.46E+11,3051610000,1.90E+11,2.65E+12,C1,3051610000
56,202722000,1894790,101183000,2129980000,C1,1894790
57,44361300000,228476000,18117000000,6.72E+11,C1,228476000
58,5.00E-08,6.73E-10,4.92E-11,1.02E-10,C1,4.92E-11
59,6.51E+13,2.24E+12,51169400000,5.34E+11,C1,51169400000
60,1.24E+15,1.00E+14,1.23E+12,2.33E+13,C1,1.23E+12
61,1.75E+14,3.59E+12,57457400000,1.09E+12,C1,57457400000
62,1.47E+13,1.45E+11,82612900000,7.26E+12,C1,82612900000
63,17383600000,165679000,107128000,6286400000,C1,107128000
64,3.10E+16,7.04E+13,6.43E+12,1.28E+11,C1,1.28E+11
65,4.30E+15,4.43E+13,2.55E+12,49646400000,C1,49646400000
66,5.43E+16,8.29E+14,4.98E+13,1.01E+12,C1,1.01E+12
67,2.48E+15,1.42E+13,1.02E+12,22503200000,C1,22503200000
68,6988680000,1130070000,7449680000,48298600000,C1,1130070000
69,2.64E+11,13017800000,1.26E+11,6.25E+11,C1,13017800000
70,2.45E+13,1.15E+11,50698200000,3.59E+13,C1,50698200000
71,4.11E+13,2.53E+11,1.08E+11,1.04E+14,C1,1.08E+11
72,20323000,357658000,14506900,1975440000,C1,14506900
73,7068820000,50150100,3167800000,1.10E+11,C1,50150100
74,4.52E+12,6.77E+11,2.62E+11,2.85E+13,C1,2.62E+11
75,2.43E+11,35702800000,10278900000,1.90E+12,C1,10278900000
76,4.01E+11,36567800000,17692400000,1.41E+12,C1,17692400000
77,9.36E+11,84730400000,455273000,40786700000,C1,455273000
78,2.20E+14,2.55E+13,2.06E+11,3.21E+12,C1,2.06E+11
79,1.96E+14,5.43E+12,47217800000,5.85E+11,C1,47217800000
80,1.64E+11,26888000000,76837600000,23062100000,C1,23062100000
81,5.98E+12,23930700000,26616600000,4.86E+12,C1,23930700000
82,24004200000,241196000,142412000,15086400000,C1,142412000
83,7775820000,1145240000,43539700,9639570000,C1,43539700
84,9601850000,793263000,6773610000,3.08E+13,C1,793263000
85,1.62E+11,4.50E+12,1.70E+12,1.74E+13,C1,1.62E+11
86,2.07E+16,1.36E+14,1.07E+13,1.92E+11,C1,1.92E+11
87,38559900,790219000,23738100,10402500000,C1,23738100
88,6934830000,64773700,3800060000,84669100000,C1,64773700
89,6.78E+11,97227300000,26486200000,5.63E+12,C1,26486200000
90,4.06E+13,2.48E+12,1.03E+12,7.98E+13,C1,1.03E+12
91,9.23E+11,1.39E+11,63759200000,5.11E+12,C1,63759200000
92,1.32E+14,1.44E+13,1.02E+11,2.54E+12,C1,1.02E+11
93,3.55E+14,1.10E+13,93916800000,1.57E+12,C1,93916800000
94,1.24E+12,1.38E+11,4.90E+11,1.27E+11,C1,1.27E+11
95,2.65E+11,22237900000,71092700000,22309000000,C1,22237900000
96,1.14E+11,14642600000,56093700000,19391600000,C1,14642600000
97,1.21E+11,23306200000,64743400000,21572400000,C1,21572400000
98,5.79E+11,3593820000,3266770000,2.80E+11,C1,3266770000
99,2.00E+16,7.71E+13,8.19E+12,1.16E+11,C1,1.16E+11
100,3.29E+11,29498500000,10242600000,1.26E+12,C1,10242600000
101,7.93E+11,94092500000,47741600000,3.82E+12,C1,47741600000
102,6148530000,741089000,18094200,4774730000,C1,18094200
103,22747600000,3178210000,155709000,40905600000,C1,155709000
104,19593800000,1406050000,9114060000,4.18E+13,C1,1406050000
105,35634800000,1.20E+12,3.89E+11,3.65E+12,C1,35634800000
106,322996,27032.7,31662.9,431883,C1,27032.7
107,2.72E+11,79556900000,15014700000,4.71E+11,C1,15014700000
108,1835380,273911,87251.2,4877950,C1,87251.2
109,2885400,718047,20475.8,2020100,C1,20475.8
110,267756000,61876700,20293300,1604640000,C1,20293300
111,9659300,323302000,43145300,156326000,C1,9659300
112,8761180,505385,285748,1828750,C1,285748
113,389019000,156681000,71156000,1127820000,C1,71156000
114,1.26E+13,1.39E+12,6.01E+11,4.96E+13,C1,6.01E+11
115,4.04E+11,49323800000,2802660000,80805100000,C1,2802660000
116,100377000,44521300,64450300,927346000,C1,44521300
117,5235740000,86967500000,42377500000,87027500000,C1,5235740000
118,1.12E-19,7.67E-21,1.16E-20,7.46E-20,C1,7.67E-21
119,1.27E-24,1.09E-25,2.75E-25,1.73E-26,C1,1.73E-26
120,1.50E-06,2.50E-06,1.13E-06,6.96E-05,C1,1.13E-06
121,4.85E-16,3.02E-16,3.57E-17,6.12E-17,C1,3.57E-17
122,2.28E+13,5.41E+11,5.68E+12,1.48E+13,C1,5.41E+11
123,1.16E-16,5.31E-19,6.43E-19,2.36E-17,C1,5.31E-19
124,3.02E-15,1.56E-15,1.91E-15,1.01E-13,C1,1.56E-15
125,6.67E-10,4.92E-11,1.42E-10,2.49E-10,C1,4.92E-11
126,7.47E-29,3.91E-31,5.25E-30,8.93E-29,C1,3.91E-31
127,1.41E-14,1.69E-13,3.06E-14,3.61E-13,C1,1.41E-14
128,29083.7,382917,46819.3,6929580,C1,29083.7
129,1.91E-38,2.74E-38,6.14E-41,3.73E-39,C1,6.14E-41
130,4.10E-07,4.93E-09,3.22E-10,6.94E-08,C1,3.22E-10
131,1.38E-30,1.94E-31,2.02E-31,1.26E-29,C1,1.94E-31
132,0.134467,0.0254016,0.044373,0.571075,C1,0.0254016
133,9.80175,0.0961223,0.0457711,0.0438931,C1,0.0438931
134,0.0573604,0.00658197,0.0346738,1.07672,C1,0.00658197
135,1.37E-05,1.88E-06,3.77E-05,0.000853694,C1,1.88E-06
136,1.77E-12,3.09E-13,2.56E-12,1.75E-11,C1,3.09E-13
137,8320040000,421754000,2489810000,10524500000,C1,421754000
138,215161000,19814600,13185900,528262,C1,528262
139,3.63E-09,1.87E-10,4.64E-10,4.62E-08,C1,1.87E-10
140,29226.3,393.54,1944.54,811926,C1,393.54
141,2035020000,8677040,48175300,10954600000,C1,8677040
142,58124300000,188487000,987211000,2.85E+11,C1,188487000
143,25665800,147080,465688,181589000,C1,147080
144,3116390000,18864900,111511000,3948970000,C1,18864900
145,30840400000,190223000,613320000,4.80E+11,C1,190223000
146,292322000,520462,2637390,550167000,C1,520462
147,3.69E+11,1945350000,8361100000,4.95E+12,C1,1945350000
148,1.11E+11,456942000,1896570000,7.68E+11,C1,456942000
149,18696500000,89000800,403320000,89942900000,C1,89000800
150,20978500,90645.5,294960,90279900,C1,90645.5
151,268652000,3997740,6314140,701047000,C1,3997740
152,927624,22192.8,55254.8,11571400,C1,22192.8
153,24390900,727161,2272080,2248730000,C1,727161
154,0.000679124,0.000123338,1.96E-05,0.00223799,C1,1.96E-05
155,44283700,548191,1979470,669152000,C1,548191
156,30390700000,89368300,270877000,2.00E+11,C1,89368300
157,4.66E-06,1.63E-07,2.01E-07,3.89E-05,C1,1.63E-07
158,1177380000,18454000,83084300,2370070000,C1,18454000
159,203.196,340.981,303.462,4488.54,C1,203.196
160,3506.69,3316.67,1373.17,1303.64,C1,1303.64
161,36079500,2017060000,3765390000,4718000000,C1,36079500
162,1334420000,19366100000,14271900000,1.07E+12,C1,1334420000
163,436.491,5251.05,10659.4,41071.8,C1,436.491
164,3.22E+42,3.36E+43,1.34E+44,1.56E+44,C1,3.22E+42
165,54046500,17840400,71095500,30048500,C1,17840400
166,1.19E+11,9801010000,32916900000,9247770000,C1,9247770000
167,19259800000,1695020000,4948330000,2732580000,C1,1695020000
168,4539180000,1.39E+11,3.78E+11,5.64E+12,C1,4539180000
169,15090000,431160000,446628000,12578600000,C1,15090000
170,14471600000,7.64E+11,8.38E+11,1.39E+13,C1,14471600000
171,1.06E+11,3.17E+12,3.52E+12,1.25E+14,C1,1.06E+11
172,24476400000,1.33E+12,1.70E+12,4.59E+13,C1,24476400000
173,6.69E+11,80894200000,1.80E+11,42034900000,C1,42034900000
174,1.63E+13,2.02E+12,5.37E+12,1.50E+12,C1,1.50E+12
175,0.0267447,0.0584176,0.0940086,3.09309,C1,0.0267447
176,0.0110028,0.13146,0.0527945,1.88423,C1,0.0110028
177,2.31E-06,4.59E-05,1.82E-05,7.37E-05,C1,2.31E-06
178,4.35E-14,4.25E-12,2.46E-12,8.22E-13,C1,4.35E-14
179,1061170000,508613000,1560550000,229464000,C1,229464000
180,38375800,4758380,33632700,6770140,C1,4758380
181,1.97E-05,1.69E-05,5.14E-05,2.50E-05,C1,1.69E-05
182,12800200,2075610,10172600,8870030,C1,2075610
183,8.75399,0.720477,0.587384,0.448358,C1,0.448358
184,7.91E-07,1.30E-07,7.46E-07,4.40E-07,C1,1.30E-07
185,594057000,53194100,107567000,103006000,C1,53194100
186,0.416601,0.0512014,0.0839889,0.144511,C1,0.0512014
187,1.10E-05,3.62E-05,3.38E-05,2.51E-05,C1,1.10E-05
188,52103200000,11885800000,21152200000,8553360000,C1,8553360000
189,0.101803,0.310055,1.154,0.168233,C1,0.101803
190,0.00790254,0.0031174,0.00426594,0.000847586,C1,0.000847586
191,5134080,941000,4983320,1021490,C1,941000
192,13098000,1564360,4706960,2927530,C1,1564360
193,8.11E-10,1.44E-09,3.63E-10,4.72E-09,C1,3.63E-10
194,3.00E-07,9.29E-06,1.77E-05,0.000151433,C1,3.00E-07
195,8.12E-19,1.26E-18,2.58E-18,5.98E-16,C1,8.12E-19
196,4.93E-06,1.36E-05,2.17E-05,0.00184917,C1,4.93E-06
197,3.69E-07,1.16E-05,2.15E-05,0.000186424,C1,3.69E-07
198,0.354173,1.07247,0.778828,27.2069,C1,0.354173
199,220055000,24640600,48355700,19027600,C1,19027600
200,1440900000,108966000,202795000,73788300,C1,73788300
201,0.00492198,0.00158771,0.00247491,0.00331569,C1,0.00158771
202,5517030000,848035000,1628780000,1205510000,C1,848035000
203,0.000111059,0.000173448,0.000202325,5.94E-05,C1,5.94E-05
204,7.99E+13,1.07E+13,3.07E+13,8.49E+12,C1,8.49E+12
205,24822.9,6697.34,13173,14255,C1,6697.34
206,10.2501,4.71154,12.1131,3.53844,C1,3.53844
207,8586080000,860465000,2962540000,1030750000,C1,860465000
208,2164940000,427247000,1610090000,989810000,C1,427247000
209,0.00265068,0.000282475,0.000842126,0.0013092,C1,0.000282475
210,959606000,15213900000,31113700000,3.73E+11,C1,959606000
211,6502800,200247000,361730000,5913030000,C1,6502800
212,52344400,1546030000,3927230000,99455800000,C1,52344400
213,36720900000,1.20E+12,9.58E+11,5.55E+13,C1,36720900000
214,78990200,4242020000,2974370000,3.27E+11,C1,78990200
215,28563500000,3974540000,8725190000,2861020000,C1,2861020000
216,3.44E+11,33008900000,1.40E+11,96593300000,C1,33008900000
217,550750000,41232600,97759200,45961800,C1,41232600
218,36520500,311969000,317904000,6750690000,C1,36520500
219,2.75E-07,7.11E-06,3.61E-06,2.27E-05,C1,2.75E-07
220,11.7775,34.8641,105.592,7519.03,C1,11.7775
221,0.144866,0.0326273,0.0554753,0.913952,C1,0.0326273
222,242443,11372200,13874200,125548000,C1,242443
223,5.40305,67.7952,11.8832,67.5782,C1,5.40305
224,18576.8,88391.4,133453,6863880,C1,18576.8
225,34058600000,9.56E+11,1.44E+12,6.77E+13,C1,34058600000
226,81052600000,3.11E+12,4.47E+12,3.97E+14,C1,81052600000
227,60120400000,1.83E+12,2.33E+12,8.85E+13,C1,60120400000
228,38214400000,2.01E+12,2.53E+12,6.54E+13,C1,38214400000
229,5.35E+12,6.62E+11,1.92E+12,4.90E+11,C1,4.90E+11
230,58577100000,5668940000,19390300000,5240900000,C1,5240900000
231,1.87E+11,17284800000,41526100000,11744200000,C1,11744200000
232,5.64E+11,1.04E+11,2.99E+11,1.47E+11,C1,1.04E+11
233,47654200,1547510000,1990930000,67772100000,C1,47654200
234,268.311,1021.56,2109.43,21679,C1,268.311
235,296790000,4535170000,4620430000,2.21E+11,C1,296790000
236,0.000173479,0.000282172,0.00244845,0.122504,C1,0.000173479
237,19618.4,771432,485241,17384200,C1,19618.4
238,1.61E-05,7.39E-05,3.87E-05,0.00352262,C1,1.61E-05
239,40212.4,11633600,2458190,504904000,C1,40212.4
240,1.08927,146.07,21.498,351.771,C1,1.08927
241,119499000,2990230000,5007270000,3.07E+11,C1,119499000
242,6646600,51705400,96433400,2657820000,C1,6646600
243,9.36E-05,0.0084591,0.00321816,0.045959,C1,9.36E-05
244,45220800000,1.83E+12,2.76E+12,2.33E+14,C1,45220800000
245,603577000,14862400000,20139500000,1.08E+12,C1,603577000
246,0.0834806,0.0357811,0.163633,3.56062,C1,0.0357811
247,50030400000,1.41E+12,1.40E+12,4.95E+13,C1,50030400000
248,84845800,1432260000,1220000000,32699400000,C1,84845800
249,2.05E-05,2.72E-05,1.02E-05,0.000448506,C1,1.02E-05
250,14887300000,9.86E+11,1.21E+12,2.66E+13,C1,14887300000
251,12999800000,9.83E+11,1.19E+12,2.74E+13,C1,12999800000
252,0.327134,10.2843,6.07293,10.2392,C1,0.327134
253,5.07E+12,7.51E+11,1.75E+12,4.96E+11,C1,4.96E+11
254,5063890,1065550,2707170,506318,C1,506318
255,175392000,26660400,147087000,178476000,C1,26660400
256,94921.1,13583.3,67906.2,33582.1,C1,13583.3
257,8.79E-06,4.05E-07,3.18E-06,6.13E-06,C1,4.05E-07
258,916852,96980.6,68187.1,56689,C1,56689
259,2.45E-06,3.03E-06,9.11E-07,2.80E-06,C1,9.11E-07
260,0.000323657,5.68E-05,0.000268368,0.00584984,C1,5.68E-05
261,6.41E-31,5.36E-30,1.04E-30,1.91E-29,C1,6.41E-31
262,1.90E+13,2.71E+12,9.06E+11,3.58E+11,C1,3.58E+11
263,4.86E-18,2.12E-18,6.77E-18,8.79E-18,C1,2.12E-18
264,2.97E-06,1.39E-07,2.42E-08,4.29E-07,C1,2.42E-08
265,1.33E-14,1.50E-14,8.27E-15,4.25E-15,C1,4.25E-15
266,6.79E-27,7.49E-29,9.64E-28,1.59E-27,C1,7.49E-29
267,8.07E-16,1.67E-15,1.72E-15,2.01E-16,C1,2.01E-16
268,8.47E-08,1.88E-08,1.47E-08,2.25E-08,C1,1.47E-08
269,6.32E-13,4.23E-13,5.01E-13,1.35E-11,C1,4.23E-13
270,2.61E-21,3.48E-21,1.36E-21,3.91E-20,C1,1.36E-21
271,1.32E-12,5.25E-13,3.01E-13,6.81E-13,C1,3.01E-13
272,7.69E-21,3.10E-21,1.15E-21,8.35E-21,C1,1.15E-21
1,59588800000,16952600000,3878430000,10456100000,C2,3878430000
2,7.10E+12,1.30E+11,6.89E+12,1.27E+14,C2,1.30E+11
3,0.000203011,5.02E-06,6.76E-06,0.000752499,C2,5.02E-06
4,2.59E+16,4.55E+14,4.49E+14,1.64E+13,C2,1.64E+13
5,2.12E+12,1.58E+12,8.92E+11,1.76E+11,C2,1.76E+11
6,1.54E+11,6955580000,1.37E+11,5.87E+14,C2,6955580000
7,85441300,21795100,50007800,1118460000,C2,21795100
8,1.63E+12,32268100000,23339900000,1.63E+13,C2,23339900000
9,4.16E-26,1.68E-27,3.54E-27,1.86E-27,C2,1.68E-27
10,1.49E+15,2.06E+12,7.49E+12,2.49E+14,C2,2.06E+12
11,3.35E+13,37917200000,1.46E+11,4.54E+12,C2,37917200000
12,1.60E-11,9.20E-13,1.00E-11,6.03E-11,C2,9.20E-13
13,90201,5347770,531039,126715,C2,90201
14,13335700000,266013000,229490000,8813450000,C2,229490000
15,3.36E+15,4.49E+13,7.01E+14,2.97E+15,C2,4.49E+13
16,1.47E+13,1.06E+12,9315180000,3.70E+11,C2,9315180000
17,8426180,187207000,53824000,469652000,C2,8426180
18,23283600000,1.76E+12,2.32E+11,1.73E+11,C2,23283600000
19,4.12E+12,1.06E+11,7.05E+11,8.84E+11,C2,1.06E+11
20,803333,29709.9,646316,4421560,C2,29709.9
21,4124070,172552,23719.2,1123750,C2,23719.2
22,4.65E-28,3.45E-28,1.18E-28,3.89E-27,C2,1.18E-28
23,3.98E+11,27061200000,3832900000,156621000,C2,156621000
24,448776,16479,4960.2,24458.9,C2,4960.2
25,104.373,415.759,212.536,4194.03,C2,104.373
26,13375.4,656.638,1234.57,25776.4,C2,656.638
27,0,0,0,0,C2,0
28,3799250000,598022000,2033730000,1977100000,C2,598022000
29,69.6976,3.7545,0.29297,28.6327,C2,0.29297
30,14712.5,1377.63,6769.35,10957000,C2,1377.63
31,2331,19984.3,15450,95212.4,C2,2331
32,1208.5,13299.1,759.785,128408,C2,759.785
33,7140.33,116.047,4557.49,22976.6,C2,116.047
34,24384900,524165,136058,605.616,C2,605.616
35,0.0323685,0.215244,0.0323152,8.23976,C2,0.0323152
36,4368.53,147.45,1722.37,19880.6,C2,147.45
37,1067810,13486.6,956.734,38584,C2,956.734
38,5.97E+11,20130100000,1504610000,33311900,C2,33311900
39,12355500000,1907780000,987152000,2.00E+11,C2,987152000
40,307681000,31463900,127219000,46235200,C2,31463900
41,8925190,852161,77965.5,4526900,C2,77965.5
42,0.0528751,0.96315,1.67816,20.7908,C2,0.0528751
43,1218100000,343298000,80424100,919018000,C2,80424100
44,540903000,370996000,128390000,68794400,C2,68794400
45,56591.8,58816.7,984.033,21345.4,C2,984.033
46,15.8802,1.89184,5.65363,384.02,C2,1.89184
47,30783300,280564000,27489500,402734000,C2,27489500
48,38398,653.164,7711.3,234761,C2,653.164
49,1.97E+16,3.21E+15,4.07E+13,9.82E+14,C2,4.07E+13
50,9.52E+13,7.01E+11,6.68E+11,7.30E+13,C2,6.68E+11
51,157158,11275.7,112282,4091100,C2,11275.7
52,3080.55,105.713,178.943,6043.22,C2,105.713
53,1.79E+13,3.58E+11,24287900000,670215000,C2,670215000
54,118439000,652694000,81226200,20705800000,C2,81226200
55,34132100000,1226700000,78601200,3567970000,C2,78601200
56,72756.2,1709.11,1962.14,124367,C2,1709.11
57,5374820000,147022000,38276900,940551,C2,940551
58,2.07E-18,1.59E-18,8.71E-19,8.46E-18,C2,8.71E-19
59,40437300,1494440,80516600,943800000,C2,1494440
60,21846100000,113256000,99236100,10483900000,C2,99236100
61,2.69E+14,1.18E+12,69258900000,2685820000,C2,2685820000
62,9.02E+11,7825450000,1659900000,59482900000,C2,1659900000
63,173293,2501000,66728,20318400,C2,66728
64,201457000,16453800,639137000,2357520000,C2,16453800
65,3253510000,196939000,6401680,40983300,C2,6401680
66,317842,1925340,77194.4,1703510,C2,77194.4
67,193809,1661.73,855.895,135828,C2,855.895
68,2.43E+11,967270000,318291000,2.53E+11,C2,318291000
69,2.99E+13,2.19E+11,86485700000,7.51E+13,C2,86485700000
70,5.34E+11,51427900000,3.19E+11,2.38E+12,C2,51427900000
71,66696000000,1172330000,5988980000,1.25E+11,C2,1172330000
72,7.93E+11,1.78E+11,3166660000,98256700000,C2,3166660000
73,1.58E+11,633744000,648649000,40654700000,C2,633744000
74,42907700000,17056900000,66260000000,15047700000,C2,15047700000
75,61318800,22116800,455600,194793000,C2,455600
76,4061210000,1.76E+11,37342100000,3.21E+11,C2,4061210000
77,26652000,421269000,10855000,1324970000,C2,10855000
78,58647000000,529059000,380998000,49687900000,C2,380998000
79,7.07E+14,9.43E+12,1.01E+12,16252100000,C2,16252100000
80,2833060000,1.63E+11,39008200000,1.57E+11,C2,2833060000
81,5621790,71652.5,2458440,694054000,C2,71652.5
82,7.55E+12,1.48E+11,12563300000,326203000,C2,326203000
83,5272940000,385889000,3069870000,9.72E+12,C2,385889000
84,8.96E+12,4.82E+11,2.58E+11,2.31E+13,C2,2.58E+11
85,3.30E+11,34793000000,16519900000,9.26E+11,C2,16519900000
86,8.52E+12,72552400000,2730290000,21777000000,C2,2730290000
87,2.45E+13,2.57E+12,22031900000,4.31E+11,C2,22031900000
88,1.08E+11,840740000,835144000,59463000000,C2,835144000
89,57767200,20773000,416266,165756000,C2,416266
90,22346000000,1848760000,16800800000,5.64E+13,C2,1848760000
91,52180200000,1.59E+12,5.51E+11,5.49E+12,C2,52180200000
92,2308350,32307800,2302250,781712000,C2,2302250
93,2.38E+15,1.80E+13,1.54E+12,28229900000,C2,28229900000
94,1.13E+13,1.68E+12,5.12E+11,5.00E+13,C2,5.12E+11
95,16413100000,1559990000,51935300,9604680000,C2,51935300
96,109386000,16289300,146676000,6.68E+11,C2,16289300
97,9236930000,5.99E+11,1.35E+11,4.85E+11,C2,9236930000
98,32807200,137677,5722220,141383000,C2,137677
99,9914630000,117958000,77040200,5980690000,C2,77040200
100,6148530000,741089000,18094200,4774730000,C2,18094200
101,35634800000,1.20E+12,3.89E+11,3.65E+12,C2,35634800000
102,3.29E+11,29498500000,10242600000,1.26E+12,C2,10242600000
103,19593800000,1406050000,9114060000,4.18E+13,C2,1406050000
104,22747600000,3178210000,155709000,40905600000,C2,155709000
105,7.93E+11,94092500000,47741600000,3.82E+12,C2,47741600000
106,5107600000,664364000,48897800,7473830000,C2,48897800
107,10169400000,2.89E+11,1.12E+11,1.07E+12,C2,10169400000
108,0.0207517,0.00225929,0.00111143,0.0746569,C2,0.00111143
109,2662080,936426,294316,15777600,C2,294316
110,32851.1,279174,36875.9,203329,C2,32851.1
111,41219500000,5916240000,2497540000,56459000000,C2,2497540000
112,215557,5396.44,519.69,69699.3,C2,519.69
113,1.73E-07,2.36E-07,1.56E-07,8.61E-07,C2,1.56E-07
114,929.113,90.3048,20.6145,1289.9,C2,20.6145
115,6.15E-09,1.29E-10,2.07E-11,6.66E-10,C2,2.07E-11
116,225.912,4405.43,3124.91,16444.9,C2,225.912
117,6.24891,7.3551,3.45584,24.3823,C2,3.45584
118,5.02E+13,1.34E+11,47707300000,8.70E+11,C2,47707300000
119,232489,6886.43,10179.5,11011.3,C2,6886.43
120,5.40E-11,7.20E-11,2.74E-11,3.84E-09,C2,2.74E-11
121,0.000869911,0.000192458,0.00025487,0.000862974,C2,0.000192458
122,5.19E-24,4.30E-26,3.62E-25,7.67E-24,C2,4.30E-26
123,197756,1252.27,191.807,10034.7,C2,191.807
124,9.48E-11,9.10E-11,1.01E-10,9.30E-09,C2,9.10E-11
125,9.92526,2.39626,0.213473,1.64869,C2,0.213473
126,832.512,10.4155,54.2539,523.624,C2,10.4155
127,13291.5,671.12,547.369,6754.42,C2,547.369
128,8.43E-22,7.56E-22,3.67E-22,1.04E-22,C2,1.04E-22
129,1082.81,13046.9,588.492,271261,C2,588.492
130,394879,10905400,266173,113382000,C2,266173
131,19417600,160533,90869.1,20144600,C2,90869.1
132,3046440000,349218000,88821000,5898950000,C2,88821000
133,2.29E+12,7873260000,24215200000,78992000000,C2,7873260000
134,1.57E+11,1.16E+11,13305900000,6.75E+11,C2,13305900000
135,15020000,3946890,561678,11342800,C2,561678
136,0.0344524,0.00801903,0.0245474,0.195057,C2,0.00801903
137,44895.7,4063.86,4588.08,486775,C2,4063.86
138,0.00522024,0.00122464,0.000597592,0.00417484,C2,0.000597592
139,3.90E+13,3.87E+12,9.05E+11,1.50E+14,C2,9.05E+11
140,9.34252,231.97,138.259,27368.1,C2,9.34252
141,57360.5,1433970,741940,146153000,C2,57360.5
142,11144,44159.8,7638.19,3335950,C2,7638.19
143,2255300000,86657800000,22194000000,2.32E+12,C2,2255300000
144,7.68E-13,7.73E-13,1.38E-12,2.06E-11,C2,7.68E-13
145,62551500,2831350000,1151590000,74854100000,C2,62551500
146,2.68E-08,1.62E-07,1.03E-07,2.42E-05,C2,2.68E-08
147,4.36E+11,2.06E+11,4.84E+11,3.24E+12,C2,2.06E+11
148,45231000000,18707800000,48370600000,1.34E+11,C2,18707800000
149,0.0164951,0.179517,0.183754,86.2178,C2,0.0164951
150,1.71E-05,0.000376746,0.000143453,0.00490421,C2,1.71E-05
151,182637000,2769620000,396186000,11363500000,C2,182637000
152,684.443,8565.57,497.393,23989.2,C2,497.393
153,30181100,395226000,174262000,4675890000,C2,30181100
154,10798100,214247000,43250600,2246560000,C2,10798100
155,0.156253,0.731917,0.477985,36.1794,C2,0.156253
156,68623600,1245680000,595455000,32337700000,C2,68623600
157,234967000,7107630000,1604560000,35507500000,C2,234967000
158,2.29E-22,9.23E-22,3.85E-22,2.73E-20,C2,2.29E-22
159,162.785,10.1623,5.17101,960.613,C2,5.17101
160,9934210000,5.06E+11,76555800000,1.38E+13,C2,9934210000
161,1.44E-05,7.98E-05,0.000133824,0.00151824,C2,1.44E-05
162,243649,89068.3,495270,478720,C2,89068.3
163,5297590000,961335000,2310240000,647188000,C2,647188000
164,2.30E+38,2.92E+38,8.90E+38,2.49E+39,C2,2.30E+38
165,4.09E-09,2.14E-08,3.24E-08,4.61E-07,C2,4.09E-09
166,203.894,2480.87,13876.2,124824,C2,203.894
167,1.59E-08,1.34E-08,2.91E-08,6.37E-08,C2,1.34E-08
168,11924.6,8591.86,25063.3,33260.6,C2,8591.86
169,44284.8,6536.83,31123,9635.96,C2,6536.83
170,762047,115135,262143,165342,C2,115135
171,178.047,11.2564,57.9759,78.3207,C2,11.2564
172,22827.7,5309.71,23142.9,20528.9,C2,5309.71
173,0.0605503,0.641185,4.87822,168.006,C2,0.0605503
174,0.00620143,0.102624,0.1514,0.932957,C2,0.00620143
175,157359000,35032100,251538000,7.13E+11,C2,35032100
176,2768900,263367,72855.9,16236900,C2,72855.9
177,357311000,12284500000,1519640000,2132310000,C2,357311000
178,68918600000,9.92E+12,3.15E+12,3.97E+12,C2,68918600000
179,1529400,169925,359295,1630490,C2,169925
180,5409300000,367507000,91664500,8868110000,C2,91664500
181,5536990000,383291000,109694000,8138110000,C2,109694000
182,0.0103525,0.00724301,0.0135788,0.748079,C2,0.00724301
183,75809900,5555550,26031900,1.45E+11,C2,5555550
184,22523.7,4112.41,22644.8,81719700,C2,4112.41
185,1609.56,242.299,11.1364,35.6222,C2,11.1364
186,5111740,641813,39084.9,1816190,C2,39084.9
187,315240,75621.5,2582.59,304200,C2,2582.59
188,25.076,571.578,767.926,403.173,C2,25.076
189,28551100000,2.32E+12,5.49E+11,1.30E+12,C2,28551100000
190,10246200,1030520000,190992000,247051000,C2,10246200
191,9.36E+12,8.54E+11,2.58E+11,2.53E+13,C2,2.58E+11
192,613719,100826,4414.75,33327.6,C2,4414.75
193,5.17E+12,3.45E+11,84597900000,1.42E+13,C2,84597900000
194,1.08E+11,51758700000,22914300000,7.18E+12,C2,22914300000
195,7247820000,1027610000,6078490000,8.55E+12,C2,1027610000
196,4417710000,373122000,2760930000,6.57E+12,C2,373122000
197,6.55E-25,3.21E-25,8.05E-25,1.25E-23,C2,3.21E-25
198,702472000,95081400,3456300,546501000,C2,3456300
199,7643480000,789266000,30082700,6620880000,C2,30082700
200,64243800000,6266660000,253070000,45843200000,C2,253070000
201,84215600,11988100,672541,101410000,C2,672541
202,17066.1,193218,131289,221649,C2,17066.1
203,836516000,69099900000,11056100000,21843100000,C2,836516000
204,8022190000,1707660000,359219000,35286700000,C2,359219000
205,5.07E+14,6.52E+13,1.90E+13,2.16E+15,C2,1.90E+13
206,3.49E+13,2.60E+12,1.26E+12,4.31E+13,C2,1.26E+12
207,8614110,811633,5558120,10658200000,C2,811633
208,118117000,14773200,162488000,1.01E+12,C2,14773200
209,19326900,1521000,12613600,74094000000,C2,1521000
210,2885280,126360,239581,3223110,C2,126360
211,2198660000,229749000,2255760000,4.93E+12,C2,229749000
212,12760000000,2154470000,26322200000,3.46E+13,C2,2154470000
213,3511570000,487717000,30493100,5296750000,C2,30493100
214,66407700000,6.99E+12,1.63E+12,6.14E+12,C2,66407700000
215,1.64E+11,1.09E+11,25990700000,5.80E+11,C2,25990700000
216,4451480,769560,6201030,3887500000,C2,769560
217,43687700000,3100140000,166035000,22041800000,C2,166035000
218,1.37E+13,2.06E+12,1.05E+12,1.24E+14,C2,1.05E+12
219,3.09E+13,2.65E+12,9.60E+11,1.84E+14,C2,9.60E+11
220,2.93E+11,36195900000,3.71E+11,8.99E+14,C2,36195900000
221,1.56E+11,13679600000,1.10E+11,3.68E+14,C2,13679600000
222,1.62E+12,3.30E+14,4.72E+13,2.20E+14,C2,1.62E+12
223,1.52E+11,1.93E+13,3.15E+12,1.35E+13,C2,1.52E+11
224,7369750000,931651000,7709900000,2.07E+13,C2,931651000
225,684710000,330494000,88008700,4095830000,C2,88008700
226,1931130000,272948000,3139440000,8.93E+12,C2,272948000
227,349624000,40176300,2452130,335781000,C2,2452130
228,21553600000,2.13E+12,4.94E+11,3.32E+12,C2,21553600000
229,58520700000,35901100000,9618930000,4.34E+11,C2,9618930000
230,9548070,687938,4557250,5223340000,C2,687938
231,9290190000,628537000,45649600,8369670000,C2,45649600
232,5385820000,3.57E+11,72348100000,1.71E+11,C2,5385820000
233,4.61E+12,4.47E+11,2.26E+11,2.62E+13,C2,2.26E+11
234,8.48E+13,8.91E+12,4.46E+12,5.23E+14,C2,4.46E+12
235,25611900000,6666530000,58890200000,1.88E+14,C2,6666530000
236,7.25E+11,81137100000,8.77E+11,3.07E+15,C2,81137100000
237,1.30E+11,21106200000,1005620000,2.73E+11,C2,1005620000
238,1.61E+12,2.39E+11,10488500000,2.21E+12,C2,10488500000
239,2.69E+12,5.40E+14,6.21E+13,2.51E+14,C2,2.69E+12
240,2.81E+12,5.38E+14,7.86E+13,2.20E+14,C2,2.81E+12
241,9.11E+11,1.43E+11,87406900000,6.51E+12,C2,87406900000
242,25936900000,3501710000,2366920000,3.30E+11,C2,2366920000
243,5.04E+15,7.72E+14,2.70E+14,4.93E+16,C2,2.70E+14
244,3004620000,402849000,5117190000,1.73E+13,C2,402849000
245,16625000000,2779890000,32467700000,1.13E+14,C2,2779890000
246,9.85E+11,99607000000,9.62E+11,2.69E+15,C2,99607000000
247,6435740000,1582570000,45895000,18984100000,C2,45895000
248,36701400000,5820820000,241395000,76494700000,C2,241395000
249,7.04E+12,7.83E+11,32970500000,7.31E+12,C2,32970500000
250,39761700000,5.01E+12,1.09E+12,7.06E+12,C2,39761700000
251,39268900000,4.83E+12,1.06E+12,6.61E+12,C2,39268900000
252,2.11E+12,3.86E+14,6.31E+13,1.77E+14,C2,2.11E+12
253,84898600000,16423500000,5937210000,9.34E+11,C2,5937210000
254,2.05E+14,3.08E+13,9.11E+12,8.28E+14,C2,9.11E+12
255,59400400,10751000,44836600,1.15E+11,C2,10751000
256,583504000,73298600,682828000,3.27E+12,C2,73298600
257,4.56E+12,3.34E+11,3.51E+12,1.34E+16,C2,3.34E+11
258,44988600000,4757350000,169315000,31705700000,C2,169315000
259,2.30E-16,2.78E-16,1.86E-16,6.60E-15,C2,1.86E-16
260,9.29E-05,6.62E-06,0.000459017,0.303503,C2,6.62E-06
261,1.08E-19,5.26E-18,4.00E-19,8.27E-17,C2,1.08E-19
262,8.26E-11,3.59E-11,5.76E-12,8.75E-14,C2,8.75E-14
263,5.99E-21,5.61E-21,1.80E-20,4.74E-20,C2,5.61E-21
264,1.93E-08,1.97E-09,6.80E-09,1.50E-09,C2,1.50E-09
265,2.68E-21,1.83E-20,8.83E-21,5.19E-21,C2,2.68E-21
266,7.63E-19,2.22E-20,3.77E-19,6.74E-19,C2,2.22E-20
267,1.01E-08,2.76E-08,4.23E-08,1.82E-08,C2,1.01E-08
268,2.16E-13,9.36E-14,2.05E-13,1.80E-13,C2,9.36E-14
269,1.61E-13,4.55E-14,4.03E-14,8.65E-13,C2,4.03E-14
270,2.77E-19,1.76E-19,1.94E-19,4.16E-18,C2,1.76E-19
271,1.16E-11,4.79E-12,3.41E-12,5.77E-11,C2,3.41E-12
272,2.97E-13,5.44E-13,8.06E-14,1.12E-12,C2,8.06E-14
128,5.49E+12,1.29E+12,3.86E+11,2.76E+11,C3,2.76E+11
129,1.34E+13,7.95E+11,4403060000,2.36E+11,C3,4403060000
130,1.10E+11,1399460000,66167200,1642850,C3,1642850
131,929029,27442600,1072700,293221000,C3,929029
132,6.41E-09,7.25E-09,3.28E-08,4.06E-08,C3,6.41E-09
133,1.07E-16,2.94E-18,4.22E-19,1.88E-18,C3,4.22E-19
134,0.037376,0.000668905,0.00406415,0.499092,C3,0.000668905
135,1108670000,108262000,629549000,5.46E+12,C3,108262000
136,6.73E+13,7.50E+12,4.30E+12,2.75E+14,C3,4.30E+12
137,0.00136688,0.00017425,0.000205982,0.000735914,C3,0.00017425
138,0.014256,0.00113817,0.000695409,0.000780351,C3,0.000695409
139,2.99E-25,1.22E-25,1.83E-25,2.66E-24,C3,1.22E-25
140,40555,13723.2,43842.8,89563.5,C3,13723.2
141,9.12E-15,3.47E-15,8.61E-15,2.68E-13,C3,3.47E-15
142,3.04E-06,2.42E-07,2.46E-06,1.55E-05,C3,2.42E-07
143,1.69E-18,9.53E-19,5.80E-19,3.84E-18,C3,5.80E-19
144,1,1,1,1,C3,1
145,1.04E-22,8.36E-23,1.08E-22,3.63E-21,C3,8.36E-23
146,2699900,516200,583962,3468160,C3,516200
259,3.03E-05,5.63E-05,1.31E-05,2.43E-06,C3,2.43E-06
149,301166,273535,319180,3725210,C3,273535
150,1.65E-05,1.94E-06,1.38E-05,2.05E-05,C3,1.94E-06
151,0.000242816,4.32E-05,0.000202493,0.000761262,C3,4.32E-05
152,0.149677,0.188225,0.086886,1.75403,C3,0.086886
153,2.37E-11,9.52E-12,1.23E-11,7.74E-11,C3,9.52E-12
154,63.5436,34.7559,20.5409,1373.99,C3,20.5409
155,41129.3,11671.4,93667.2,195007,C3,11671.4
156,1.78E-12,1.55E-13,1.45E-13,2.35E-12,C3,1.45E-13
157,111850,26207.9,42288.5,1748200,C3,26207.9
159,474021000,1501110,16056700,517699000,C3,1501110
160,3.59E+11,1.12E+13,2.25E+12,1.03E+14,C3,3.59E+11
161,1584960000,89549900,133186000,4003680000,C3,89549900
261,1878040000,1980330000,9634580000,1.16E+12,C3,1878040000
262,8.46E-17,3.77E-15,2.44E-16,2.04E-16,C3,8.46E-17
263,6.27E-09,1.13E-08,4.66E-08,3.59E-08,C3,6.27E-09
264,98.5825,1.88452,0.956921,10.4108,C3,0.956921
265,9.45E+11,93762100000,53732800000,1225700000,C3,1225700000
266,34493800000,1581620000,1031350000,1.28E+11,C3,1031350000
260,1.32E-14,5.72E-14,3.47E-14,1.08E-11,C3,1.32E-14
267,0.00670205,0.00934685,0.00641849,0.000285267,C3,0.000285267
268,3.77E-05,1.12E-05,1.02E-05,6.66E-06,C3,6.66E-06
269,1.15E+13,9.90E+11,3.36E+11,8.38E+13,C3,3.36E+11
270,9.05E-11,2.08E-10,7.03E-11,1.88E-09,C3,7.03E-11
271,0.0081201,0.00329527,0.0120162,0.413209,C3,0.00329527
272,83.9694,15.083,29.0906,234.678,C3,15.083
118,1.08E-09,1.25E-10,5.39E-10,4.59E-07,C3,1.25E-10
119,28232800,2011130,2759250,65143100,C3,2011130
120,1.02E+12,9.79E+13,1.69E+13,7.49E+13,C3,1.02E+12
121,5799520,961229,391122,61536.8,C3,61536.8
122,1.79E-23,1.19E-24,1.07E-23,7.90E-22,C3,1.19E-24
123,310618000,6089460,1951190,137508000,C3,1951190
124,4113330,41171100,1923160,273033000,C3,1923160
125,72482.9,2204.48,56167,131274,C3,2204.48
126,1.94E+12,12241500000,9.43E+11,1.93E+13,C3,12241500000
127,11947.8,314846,39769.1,1472210,C3,11947.8
259,3604940,58642800,2220400,113907000,C4,2220400
260,60908800000,60323000000,4.32E+11,8.25E+13,C4,60323000000
261,1.76E+12,2.64E+11,64813600000,9.10E+12,C4,64813600000
262,212.96,22064.8,1701.6,26919.5,C4,212.96
263,5.90E+15,1.95E+14,2.38E+15,9.35E+15,C4,1.95E+14
264,8.08E+11,22160500000,376238000,2008120000,C4,376238000
265,399594000,17702600000,1689370000,2662690000,C4,399594000
266,6.83E+11,14446100000,1.26E+11,1.96E+11,C4,14446100000
267,892849,7634510,6430970,845356,C4,845356
268,2296570,829925,179734,88807600,C4,179734
269,0.186349,0.694555,0.230436,18.5376,C4,0.186349
270,33255100000,3637470000,10955000000,1.39E+11,C4,3637470000
271,3875720000,485955000,326790000,9817860000,C4,326790000
272,3256100000,89623700,127971000,2384280000,C4,89623700
273,253748000,17297400,6959250,826541000,C1,6959250
274,3.96E-14,1.47E-13,3.86E-14,3.11E-13,C1,3.86E-14
275,120413000,4103840000,1094210000,1450280000,C1,120413000
276,925335,38964.1,18670.5,3417590,C1,18670.5
277,2011640000,74650700,140240000,53972900,C1,53972900
278,5.45E+13,5.73E+12,62159600000,1.11E+12,C1,62159600000
279,0.0137898,0.0237793,0.0140429,0.12824,C1,0.0137898
280,1543630000,2943820,7937970,156359000,C1,2943820
281,1336.8,22.1765,125.46,45.8969,C1,22.1765
282,5.23E-05,3.43E-06,1.09E-05,4.04E-05,C1,3.43E-06
283,3.15E-26,1.24E-26,2.31E-28,7.23E-28,C1,2.31E-28
284,219992,10743800,2650110,7782480,C1,219992
285,100102000,2900630000,901833000,1620750000,C1,100102000
286,7256.87,436673,142845,406100,C1,7256.87
287,3419.55,119297,50088.2,131076,C1,3419.55
288,5930.04,379599,114525,428906,C1,5930.04
289,303.239,15946.9,7303.09,12298.1,C1,303.239
290,109028000,8173050,2798710,242190000,C1,2798710
291,22014300000,1601760000,485565000,86374700000,C1,485565000
292,109853000,15207300,4109650,505721000,C1,4109650
293,39796900,3630060,486823,146589000,C1,486823
294,125877000,29796600,8706280,1555090000,C1,8706280
295,425105,90260.1,42354.4,10982900,C1,42354.4
296,621315,71678.3,546961,2126300000,C1,71678.3
297,109519000,9726870,94462900,2.43E+11,C1,9726870
298,2302.18,836.983,2060.09,3022480,C1,836.983
299,0.0295187,0.00853255,0.0325529,10.3557,C1,0.00853255
300,811521,63271.6,337390,719410000,C1,63271.6
301,241053,18332.2,115757,96685700,C1,18332.2
302,547733,119720,4362.01,854911,C1,4362.01
303,18117800,6597230,241539,51408600,C1,241539
304,128495,34165.7,1584.31,372487,C1,1584.31
305,82669.2,28752.9,2338.62,904988,C1,2338.62
306,10849.5,3578.53,196.927,39905.5,C1,196.927
307,7321.66,4768.97,403.464,208768,C1,403.464
308,117812000,14057300,40790100,8303790,C1,8303790
309,12290400000,1168770000,3611430000,1457460000,C1,1168770000
310,1676230,193116,454441,1273500,C1,193116
311,518834,32935.9,68318.8,723394,C1,32935.9
312,205190,17837.7,38917.5,36549.7,C1,17837.7
313,15618,1421.73,3651.47,8286.64,C1,1421.73
314,17533100,3388490,911038,50062900,C1,911038
315,635020000,119822000,36740600,1988360000,C1,36740600
316,765463000,104234000,29140100,2542840000,C1,29140100
317,193461000,20675700,6299820,251876000,C1,6299820
318,168.464,70.407,17.0899,5489.96,C1,17.0899
319,0.00230477,0.000648283,0.000155082,0.0831537,C1,0.000155082
320,2817480,108711000,21979300,128039000,C1,2817480
321,33395300,973697000,213148000,1382950000,C1,33395300
322,1.99708,46.9932,8.46636,192.322,C1,1.99708
323,0.00140512,0.023911,0.00437299,0.0657828,C1,0.00140512
324,5.65113,125.825,50.9245,528.737,C1,5.65113
325,0.0136606,0.21452,0.11905,1.30669,C1,0.0136606
326,10484500000,848525000,367506000,34883500000,C1,367506000
327,1.34E+11,11224100000,5018190000,5.07E+11,C1,5018190000
328,8325.25,999.904,817.676,59972,C1,817.676
329,44.4944,6.32052,7.08268,534.428,C1,6.32052
330,10970700,247403,164467,19697900,C1,164467
331,5252730,135510,95048.9,12032900,C1,95048.9
332,2685480,310155,2169290,3861810000,C1,310155
333,14464400,1606760,12543700,18396500000,C1,1606760
334,14524.8,3678.22,14104.8,12608200,C1,3678.22
335,164.788,46.2989,173.518,88941,C1,46.2989
336,170413,16102.4,157591,160570000,C1,16102.4
337,6519.61,526.602,5037.1,4313970,C1,526.602
338,34138300,10204000,385754,58946600,C1,385754
339,139259000,49578100,1931530,236477000,C1,1931530
340,232237,46989.7,2865.86,294570,C1,2865.86
341,6753.48,1759.34,101.817,11093.8,C1,101.817
342,1062800,321001,12801.5,1283750,C1,12801.5
343,467230,156800,7510.74,423972,C1,7510.74
344,715821000,50260900,114720000,67181000,C1,50260900
345,4653620000,292279000,699219000,443315000,C1,292279000
346,5002.23,724.61,1275.82,2215.48,C1,724.61
347,313.248,67.302,108.408,196.875,C1,67.302
348,1394700,92058.4,217794,323281,C1,92058.4
349,75523,4984.47,12119.7,20503.3,C1,4984.47
350,7907240000,560231000,236337000,18550800000,C1,236337000
384,1.96E+11,5215500000,7813600000,68310700,C1,68310700
385,30892.8,1093.89,3452.93,15414300,C1,1093.89
386,4977230,10111.2,6225.17,138706,C1,6225.17
387,353691,13296.5,69021,302221000,C1,13296.5
388,165.033,17.3787,4.08097,1.65273,C1,1.65273
389,1.42E-10,3.56E-13,1.01E-12,2.34E-13,C1,2.34E-13
390,317352000,1177660,426496,6057390,C1,426496
391,75371.4,268.144,152.209,53.8439,C1,53.8439
392,6347770,68439.1,213009,131611000,C1,68439.1
393,60656000,1064170,3515220,1566190000,C1,1064170
394,838.282,26.6022,55.9864,6744.44,C1,26.6022
395,61572600,1051950,3106550,1766960000,C1,1051950
396,23944200,347412,1220430,533876000,C1,347412
397,34695700,475180,1573990,825895000,C1,475180
398,31588600,500111,1550500,715065000,C1,500111
399,32459200,507039,1356080,674367000,C1,507039
400,10176600,175959,520752,216880000,C1,175959
351,1.62E+11,9231890000,4025050000,2.60E+11,C1,4025050000
352,1736.51,505.37,63.1804,16301.3,C1,63.1804
353,3797.86,1393.6,162.202,45412.5,C1,162.202
354,4174020,356401,126071,10608100,C1,126071
355,12272400,1058160,345027,31794500,C1,345027
356,1.01E-11,1.10E-11,2.60E-11,5.40E-09,C1,1.01E-11
357,3.13E-07,1.40E-06,3.28E-07,8.54E-05,C1,3.13E-07
358,0.00573225,0.00927036,0.00181909,0.0836377,C1,0.00181909
359,5.64E-06,2.67E-05,1.48E-06,6.38E-05,C1,1.48E-06
360,2.02E-09,1.09E-09,1.07E-10,1.48E-09,C1,1.07E-10
361,6.70E-05,1.59E-05,2.99E-05,0.00112479,C1,1.59E-05
362,4.44E-19,7.98E-20,1.47E-20,1.41E-20,C1,1.41E-20
363,0.176136,0.496061,0.0310821,0.414471,C1,0.0310821
364,8.46E-11,2.88E-11,2.03E-12,3.49E-11,C1,2.03E-12
365,3.29E-06,8.94E-06,1.31E-06,2.07E-05,C1,1.31E-06
366,0.0452177,0.00712681,0.0254569,0.199649,C1,0.00712681
367,2155.47,53.3874,518.773,8187.87,C1,53.3874
368,2.61E-05,2.35E-06,9.11E-06,0.000637639,C1,2.35E-06
369,8.03E-11,3.41E-11,5.09E-13,8.67E-13,C1,5.09E-13
370,332.066,114.529,1.51685,13.0488,C1,1.51685
371,14.2608,0.16935,0.0145642,0.000863868,C1,0.000863868
372,4.44E-19,7.98E-20,1.47E-20,1.41E-20,C1,1.41E-20
373,3.40637,0.866201,0.0540475,0.00316146,C1,0.00316146
374,0.00314628,0.00020132,8.08E-06,5.93E-07,C1,5.93E-07
375,0.260012,0.00632055,0.00438823,0.141945,C1,0.00438823
376,4.33E-12,2.12E-12,9.61E-13,3.35E-11,C1,9.61E-13
377,0.000626946,0.000299469,1.40E-05,3.03E-06,C1,3.03E-06
378,3067750,42045.5,22732.4,1722500,C1,22732.4
379,1.57E-11,6.60E-12,9.33E-12,1.86E-10,C1,6.60E-12
380,0.000330905,0.00491643,0.000399808,0.0940623,C1,0.000330905
381,4.85E-07,9.28E-08,3.70E-07,2.01E-05,C1,9.28E-08
382,4730.23,38.1572,1.62233,0.101007,C1,0.101007
383,3.40637,0.866201,0.0540475,0.00316146,C1,0.00316146
401,17555800,270889,844193,426181000,C1,270889
402,10292600,177499,528829,219704000,C1,177499
403,17555800,270889,844193,426181000,C1,270889
404,9122260,138298,438290,211649000,C1,138298
405,49490300,743118,2386640,933607000,C1,743118
406,3692870,74576.8,204171,50115400,C1,74576.8
407,573489000,7845230,29019900,11888900000,C1,7845230
408,11628100,178779,581142,279068000,C1,178779
409,28480300,421327,1329310,822772000,C1,421327
410,13772500,209552,636679,323221000,C1,209552
411,3314610000,33731800,134465000,40789700000,C1,33731800
412,1285840,45914.3,113762,10631400,C1,45914.3
413,13545900,461775,1134820,316475000,C1,461775
414,767291,13769.4,36151.9,49604800,C1,13769.4
415,37833300,494237,1502310,752937000,C1,494237
416,30347400,444312,1630050,89304300,C1,444312
417,129270,230276,77919.6,108746,C1,77919.6
418,11935900000,8690200000,342899000,13315100000,C1,342899000
419,567.287,738.093,357.399,22942.4,C1,357.399
420,364064,35986.9,1139410,2527890,C1,35986.9
421,468624,37148.2,455240,2975620,C1,37148.2
422,304.353,49.61,271.487,2364.96,C1,49.61
423,160.694,23.3687,5.40353,396.616,C1,5.40353
424,49137.6,720.214,689.438,18262.4,C1,689.438
425,13.816,32.2629,9.66932,1319.1,C1,9.66932
426,253740000,411248,2564040,295710000,C1,411248
427,450070000,1007000,3990690,144671000,C1,1007000
428,8502930,735678,3855840,78335500,C1,735678
429,393586,3215490,1018510,62838300,C1,393586
430,38801.6,702.987,321.358,137201,C1,321.358
431,1318330,4387.83,15711.4,212117,C1,4387.83
432,16289500,358041000,170734000,20951200000,C1,16289500
433,260331,1657.4,9171.11,564155,C1,1657.4
434,4137.33,243.872,397.805,67177,C1,243.872
435,3249190000,3795010000,132743000,4893870000,C1,132743000
436,630521000,92822000000,4.57E+11,1.10E+11,C1,630521000
437,0.00770946,0.000181292,0.000324483,0.00236884,C1,0.000181292
438,2.68243,0.119652,0.941195,5.95163,C1,0.119652
439,13361700,329368000,230749000,758081000,C1,13361700
440,3.76499,0.623229,0.430042,16.6317,C1,0.430042
441,30600800,6122630,592091,9840280,C1,592091
442,0.137417,0.00608186,0.151548,0.657643,C1,0.00608186
443,6106.53,768.256,5316.55,33791.6,C1,768.256
444,97392,41853700,30954200,27919700,C1,97392
445,873.004,354.219,4041.56,16803.8,C1,354.219
446,1610.04,52.9982,63.5227,408.65,C1,52.9982
447,4.71839,0.542216,0.489383,1.19071,C1,0.489383
448,9.19E-05,4.68E-06,4.58E-06,0.000388618,C1,4.58E-06
449,1.61E-07,2.14E-08,4.77E-08,2.40E-07,C1,2.14E-08
450,4.80E-15,9.21E-16,2.06E-15,1.75E-14,C1,9.21E-16
451,11788000,42672.3,107742,3600430,C1,42672.3
452,33335.3,5363.34,41095.3,636160,C1,5363.34
453,251.463,1161.81,1516.67,82516.1,C1,251.463
454,727.461,6.23876,13.1534,3169.07,C1,6.23876
455,7488.08,238.605,772.302,233959,C1,238.605
456,11.9122,0.355821,0.832489,612.461,C1,0.355821
457,3.70624,0.00564567,0.0166103,0.976298,C1,0.00564567
458,67348.5,496619,404366,59346000,C1,67348.5
459,1286.12,5497.44,7387.43,92658.2,C1,1286.12
460,66.6847,46.8973,20.2881,125.073,C1,20.2881
461,347199000,20203800,12251700,316925000,C1,12251700
462,0.000630275,9.95E-06,6.68E-05,0.000865874,C1,9.95E-06
463,8439.26,260.605,619.776,62769.5,C1,260.605
464,9.28E-16,1.87E-16,9.66E-16,1.62E-14,C1,1.87E-16
465,9.58E-18,1.25E-18,1.41E-17,1.58E-17,C1,1.25E-18
466,1041300000,100356000,656758000,1815930000,C1,100356000
467,8.02E-06,8.35E-07,8.25E-06,0.000169118,C1,8.35E-07
468,1.28E-08,1.85E-08,2.45E-08,5.41E-07,C1,1.28E-08
469,5.72E-06,3.09E-06,4.01E-06,6.75E-06,C1,3.09E-06
470,501856,411263,272168,69315.7,C1,69315.7
471,218405000,24240700,17168400,3716940,C1,3716940
472,343992,284099,232090,9803430,C1,232090
473,1734740,241054,79914.6,12772600,C1,79914.6
474,2.74E+11,82395100000,11379800000,7.55E+11,C1,11379800000
475,3.90E-15,2.04E-15,2.11E-15,2.66E-14,C1,2.04E-15
476,3.55E-11,1.51E-10,2.64E-11,2.00E-10,C1,2.64E-11
477,0.000155498,3.51E-05,1.59E-05,0.000209079,C1,1.59E-05
478,1815960,466948,3201130,58571300,C1,466948
479,56362300000,2066830000,17281600000,67333300000,C1,2066830000
480,6.70363,0.538935,7.58045,84.4169,C1,0.538935
