Case Name,Locus,Race,,LR,Pn,Pd,,Time (seconds),,Pn HET0,Pn HET1,Pn HET2,Pn HOM0,Pn HOM1,,Pd HET0,Pd HET1,Pd HET2,Pd HOM0,Pd HOM1
259_,D8,HISPANIC,,3.43919,0.000414292,0.000120462,,42.623,,0.726,0.2448,0.0292,0.98,0.02,,0.726,0.2448,0.0292,0.98,0.02
259_,D8,BLACK,,1.53299,0.000346181,0.00022582,,42.756,,0.726,0.2448,0.0292,0.98,0.02,,0.726,0.2448,0.0292,0.98,0.02
259_,D8,CAUCASIAN,,3.50853,0.000482593,0.000137548,,42.717,,0.726,0.2448,0.0292,0.98,0.02,,0.726,0.2448,0.0292,0.98,0.02
259_,D8,ASIAN,,3.24769,0.00119298,0.000367333,,42.583,,0.726,0.2448,0.0292,0.98,0.02,,0.726,0.2448,0.0292,0.98,0.02
259_,D21,HISPANIC,,3.13328,4.1186e-05,1.31447e-05,,27.405,,0.6744,0.3056,0.02,0.98,0.02,,0.6744,0.3056,0.02,0.98,0.02
259_,D21,CAUCASIAN,,3.37714,4.74045e-05,1.40369e-05,,28.314,,0.6744,0.3056,0.02,0.98,0.02,,0.6744,0.3056,0.02,0.98,0.02
259_,D21,ASIAN,,3.78421,5.36456e-05,1.41762e-05,,24.879,,0.6744,0.3056,0.02,0.98,0.02,,0.6744,0.3056,0.02,0.98,0.02
259_,D21,BLACK,,3.26855,2.20643e-05,6.75048e-06,,28.675,,0.6744,0.3056,0.02,0.98,0.02,,0.6744,0.3056,0.02,0.98,0.02
259_,D7,HISPANIC,,0.667525,1.54047e-07,2.30773e-07,,27.029,,0.5616,0.3908,0.0476,0.9708,0.0292,,0.5616,0.3908,0.0476,0.9708,0.0292
259_,D7,CAUCASIAN,,0.666851,1.98237e-07,2.97273e-07,,28.695,,0.5616,0.3908,0.0476,0.9708,0.0292,,0.5616,0.3908,0.0476,0.9708,0.0292
259_,D7,BLACK,,0.6659,2.03678e-07,3.05868e-07,,29.486,,0.5616,0.3908,0.0476,0.9708,0.0292,,0.5616,0.3908,0.0476,0.9708,0.0292
259_,D7,ASIAN,,0.578403,9.93243e-08,1.71722e-07,,24.033,,0.5616,0.3908,0.0476,0.9708,0.0292,,0.5616,0.3908,0.0476,0.9708,0.0292
259_,CSF,BLACK,,1.61132,0.0649037,0.0402799,,25.255,,0.6036,0.318,0.0784,0.9064,0.0936,,0.6036,0.318,0.0784,0.9064,0.0936
259_,CSF,HISPANIC,,1.28018,0.0785141,0.0613305,,19.897,,0.6036,0.318,0.0784,0.9064,0.0936,,0.6036,0.318,0.0784,0.9064,0.0936
259_,CSF,CAUCASIAN,,1.12509,0.0881271,0.0783287,,23.177,,0.6036,0.318,0.0784,0.9064,0.0936,,0.6036,0.318,0.0784,0.9064,0.0936
259_,CSF,ASIAN,,1.392,0.0730727,0.0524948,,27.522,,0.6036,0.318,0.0784,0.9064,0.0936,,0.6036,0.318,0.0784,0.9064,0.0936
259_,D3,CAUCASIAN,,3.38635,0.000822531,0.000242896,,38.383,,0.6184,0.3432,0.0384,0.9616,0.0384,,0.6184,0.3432,0.0384,0.9616,0.0384
259_,D3,BLACK,,2.74676,0.00109069,0.000397081,,41.636,,0.6184,0.3432,0.0384,0.9616,0.0384,,0.6184,0.3432,0.0384,0.9616,0.0384
259_,D3,ASIAN,,2.18424,0.00132086,0.000604724,,33.669,,0.6184,0.3432,0.0384,0.9616,0.0384,,0.6184,0.3432,0.0384,0.9616,0.0384
259_,D3,HISPANIC,,2.35332,0.00139313,0.000591988,,37.643,,0.6184,0.3432,0.0384,0.9616,0.0384,,0.6184,0.3432,0.0384,0.9616,0.0384
259_,TH01,BLACK,,2.14446,0.000753426,0.000351336,,27.988,,0.6544,0.3256,0.02,0.9524,0.0476,,0.6544,0.3256,0.02,0.9524,0.0476
259_,TH01,HISPANIC,,4.48945,0.000637391,0.000141975,,23.788,,0.6544,0.3256,0.02,0.9524,0.0476,,0.6544,0.3256,0.02,0.9524,0.0476
259_,TH01,CAUCASIAN,,6.0187,0.000405597,6.73895e-05,,26.776,,0.6544,0.3256,0.02,0.9524,0.0476,,0.6544,0.3256,0.02,0.9524,0.0476
259_,TH01,ASIAN,,1.67222,0.000457926,0.000273843,,26.222,,0.6544,0.3256,0.02,0.9524,0.0476,,0.6544,0.3256,0.02,0.9524,0.0476
259_,D13,CAUCASIAN,,3.69514,0.000157402,4.25972e-05,,43.174,,0.6696,0.3104,0.02,0.98,0.02,,0.6696,0.3104,0.02,0.98,0.02
259_,D13,HISPANIC,,2.57452,0.000171318,6.65438e-05,,38.482,,0.6696,0.3104,0.02,0.98,0.02,,0.6696,0.3104,0.02,0.98,0.02
259_,D13,BLACK,,2.03521,0.000275608,0.00013542,,47.234,,0.6696,0.3104,0.02,0.98,0.02,,0.6696,0.3104,0.02,0.98,0.02
259_,D13,ASIAN,,16.6458,6.00888e-05,3.60985e-06,,36.626,,0.6696,0.3104,0.02,0.98,0.02,,0.6696,0.3104,0.02,0.98,0.02
259_,D16,BLACK,,4.6568,0.108884,0.0233817,,25.918,,0.5284,0.4516,0.02,0.8604,0.1396,,0.5284,0.4516,0.02,0.8604,0.1396
259_,D16,CAUCASIAN,,4.49014,0.112872,0.0251377,,23.635,,0.5284,0.4516,0.02,0.8604,0.1396,,0.5284,0.4516,0.02,0.8604,0.1396
259_,D16,ASIAN,,5.02401,0.101042,0.0201118,,18.362,,0.5284,0.4516,0.02,0.8604,0.1396,,0.5284,0.4516,0.02,0.8604,0.1396
259_,D16,HISPANIC,,5.29062,0.0960415,0.0181532,,21.084,,0.5284,0.4516,0.02,0.8604,0.1396,,0.5284,0.4516,0.02,0.8604,0.1396
259_,D2,BLACK,,2.59711,5.62027e-07,2.16405e-07,,34.808,,0.526,0.362,0.112,0.8144,0.1856,,0.526,0.362,0.112,0.8144,0.1856
259_,D2,CAUCASIAN,,1.83232,1.16302e-06,6.34728e-07,,33.005,,0.526,0.362,0.112,0.8144,0.1856,,0.526,0.362,0.112,0.8144,0.1856
259_,D2,ASIAN,,2.04006,1.31204e-06,6.43139e-07,,28.506,,0.526,0.362,0.112,0.8144,0.1856,,0.526,0.362,0.112,0.8144,0.1856
259_,D2,HISPANIC,,1.10574,8.11535e-07,7.33932e-07,,30.859,,0.526,0.362,0.112,0.8144,0.1856,,0.526,0.362,0.112,0.8144,0.1856
259_,D19,HISPANIC,,14.4442,2.99708e-07,2.07494e-08,,69.401,,0.646,0.3064,0.0476,0.9708,0.0292,,0.646,0.3064,0.0476,0.9708,0.0292
259_,D19,ASIAN,,18.6769,4.07529e-07,2.182e-08,,65.012,,0.646,0.3064,0.0476,0.9708,0.0292,,0.646,0.3064,0.0476,0.9708,0.0292
259_,D19,CAUCASIAN,,36.8051,5.68948e-07,1.54584e-08,,73.709,,0.646,0.3064,0.0476,0.9708,0.0292,,0.646,0.3064,0.0476,0.9708,0.0292
259_,D19,BLACK,,20.7994,3.78545e-07,1.81998e-08,,76.56,,0.646,0.3064,0.0476,0.9708,0.0292,,0.646,0.3064,0.0476,0.9708,0.0292
259_,vWA,HISPANIC,,3.83002,0.000496778,0.000129706,,33.841,,0.5868,0.3656,0.0476,0.9708,0.0292,,0.5868,0.3656,0.0476,0.9708,0.0292
259_,vWA,BLACK,,3.01784,0.000415016,0.000137521,,34.68,,0.5868,0.3656,0.0476,0.9708,0.0292,,0.5868,0.3656,0.0476,0.9708,0.0292
259_,vWA,CAUCASIAN,,6.04769,0.000346038,5.72181e-05,,34.347,,0.5868,0.3656,0.0476,0.9708,0.0292,,0.5868,0.3656,0.0476,0.9708,0.0292
259_,vWA,ASIAN,,13.4847,0.000564045,4.18284e-05,,33.963,,0.5868,0.3656,0.0476,0.9708,0.0292,,0.5868,0.3656,0.0476,0.9708,0.0292
259_,TPOX,HISPANIC,,1.01565,0.00125687,0.0012375,,24.231,,0.6828,0.2512,0.066,0.9064,0.0936,,0.6828,0.2512,0.066,0.9064,0.0936
259_,TPOX,ASIAN,,0.957528,0.00205921,0.00215054,,22.344,,0.6828,0.2512,0.066,0.9064,0.0936,,0.6828,0.2512,0.066,0.9064,0.0936
259_,TPOX,CAUCASIAN,,1.23916,0.00136566,0.00110208,,26.368,,0.6828,0.2512,0.066,0.9064,0.0936,,0.6828,0.2512,0.066,0.9064,0.0936
259_,TPOX,BLACK,,1.47541,0.00260852,0.001768,,27.722,,0.6828,0.2512,0.066,0.9064,0.0936,,0.6828,0.2512,0.066,0.9064,0.0936
259_,D18,ASIAN,,5.99205,0.0158048,0.00263763,,19.359,,0.5992,0.298,0.1028,0.98,0.02,,0.5992,0.298,0.1028,0.98,0.02
259_,D18,BLACK,,5.51807,0.016889,0.00306067,,22.774,,0.5992,0.298,0.1028,0.98,0.02,,0.5992,0.298,0.1028,0.98,0.02
259_,D18,HISPANIC,,3.66335,0.0241239,0.00658521,,21.099,,0.5992,0.298,0.1028,0.98,0.02,,0.5992,0.298,0.1028,0.98,0.02
259_,D18,CAUCASIAN,,3.195,0.0273795,0.00856947,,22,,0.5992,0.298,0.1028,0.98,0.02,,0.5992,0.298,0.1028,0.98,0.02
259_,D5,BLACK,,1.80603,0.0655775,0.0363102,,22.736,,0.6676,0.3124,0.02,0.98,0.02,,0.6676,0.3124,0.02,0.98,0.02
259_,D5,CAUCASIAN,,1.59474,0.0724683,0.045442,,20.543,,0.6676,0.3124,0.02,0.98,0.02,,0.6676,0.3124,0.02,0.98,0.02
259_,D5,HISPANIC,,1.50962,0.0750366,0.0497056,,25.486,,0.6676,0.3124,0.02,0.98,0.02,,0.6676,0.3124,0.02,0.98,0.02
259_,D5,ASIAN,,2.07999,0.0555513,0.0267075,,28.697,,0.6676,0.3124,0.02,0.98,0.02,,0.6676,0.3124,0.02,0.98,0.02
259_,FGA,BLACK,,5.01088,0.000658702,0.000131454,,32.805,,0.6068,0.2996,0.0936,0.98,0.02,,0.6068,0.2996,0.0936,0.98,0.02
259_,FGA,CAUCASIAN,,7.57549,0.000521346,6.88201e-05,,30.122,,0.6068,0.2996,0.0936,0.98,0.02,,0.6068,0.2996,0.0936,0.98,0.02
259_,FGA,HISPANIC,,4.87669,0.000569103,0.000116699,,27.556,,0.6068,0.2996,0.0936,0.98,0.02,,0.6068,0.2996,0.0936,0.98,0.02
259_,FGA,ASIAN,,6.14618,0.000854573,0.000139041,,26.098,,0.6068,0.2996,0.0936,0.98,0.02,,0.6068,0.2996,0.0936,0.98,0.02
Overall:,15 Files,BLACK,,3.60494e+06,4.1839e-52,1.1606e-58,,593.772
Overall:,15 Files,CAUCASIAN,,5.86428e+07,7.66237e-52,1.30662e-59,,593.772
Overall:,15 Files,HISPANIC,,2.2204e+06,4.71724e-52,2.1245e-58,,593.772
Overall:,15 Files,ASIAN,,1.13907e+08,7.94842e-52,6.97799e-60,,593.772
260_,D8,HISPANIC,,13.731,0.0647161,0.00471313,,37.64,,0.89976,0.08024,0.02,0.98,0.02,,0.89976,0.08024,0.02,0.98,0.02
260_,D8,BLACK,,31.1209,0.127031,0.00408184,,39.325,,0.89976,0.08024,0.02,0.98,0.02,,0.89976,0.08024,0.02,0.98,0.02
260_,D8,CAUCASIAN,,12.2696,0.0844841,0.00688563,,37.792,,0.89976,0.08024,0.02,0.98,0.02,,0.89976,0.08024,0.02,0.98,0.02
260_,D8,ASIAN,,15.3532,0.0565898,0.00368586,,37.569,,0.89976,0.08024,0.02,0.98,0.02,,0.89976,0.08024,0.02,0.98,0.02
260_,D21,BLACK,,3.45655,0.000972295,0.00028129,,36.024,,0.83,0.15,0.02,0.98,0.02,,0.83,0.15,0.02,0.98,0.02
260_,D21,HISPANIC,,5.17422,0.000769451,0.000148709,,36.426,,0.83,0.15,0.02,0.98,0.02,,0.83,0.15,0.02,0.98,0.02
260_,D21,CAUCASIAN,,3.63032,0.00109546,0.000301753,,36.779,,0.83,0.15,0.02,0.98,0.02,,0.83,0.15,0.02,0.98,0.02
260_,D21,ASIAN,,11.889,0.000710894,5.97945e-05,,35.738,,0.83,0.15,0.02,0.98,0.02,,0.83,0.15,0.02,0.98,0.02
260_,D7,BLACK,,4.26857,0.0119831,0.00280728,,24.743,,0.9044,0.0756,0.02,0.98,0.02,,0.9044,0.0756,0.02,0.98,0.02
260_,D7,HISPANIC,,6.27938,0.0118647,0.00188946,,27.664,,0.9044,0.0756,0.02,0.98,0.02,,0.9044,0.0756,0.02,0.98,0.02
260_,D7,ASIAN,,15.0531,0.0106744,0.000709118,,26.031,,0.9044,0.0756,0.02,0.98,0.02,,0.9044,0.0756,0.02,0.98,0.02
260_,D7,CAUCASIAN,,5.76311,0.0127295,0.00220878,,33.224,,0.9044,0.0756,0.02,0.98,0.02,,0.9044,0.0756,0.02,0.98,0.02
260_,CSF,CAUCASIAN,,2.43524,0.164589,0.0675865,,21.854,,0.73872,0.24,0.02128,0.98,0.02,,0.73872,0.24,0.02128,0.98,0.02
260_,CSF,BLACK,,4.0997,0.158181,0.0385836,,24.38,,0.73872,0.24,0.02128,0.98,0.02,,0.73872,0.24,0.02128,0.98,0.02
260_,CSF,HISPANIC,,2.91569,0.167214,0.0573497,,18.923,,0.73872,0.24,0.02128,0.98,0.02,,0.73872,0.24,0.02128,0.98,0.02
260_,CSF,ASIAN,,3.59344,0.121886,0.033919,,22.426,,0.73872,0.24,0.02128,0.98,0.02,,0.73872,0.24,0.02128,0.98,0.02
260_,D3,CAUCASIAN,,2.49613,0.098964,0.039647,,16.325,,0.91208,0.06792,0.02,0.98,0.02,,0.91208,0.06792,0.02,0.98,0.02
260_,D3,BLACK,,1.64202,0.0592723,0.0360972,,21.224,,0.91208,0.06792,0.02,0.98,0.02,,0.91208,0.06792,0.02,0.98,0.02
260_,D3,HISPANIC,,1.45979,0.0364681,0.0249817,,38.072,,0.91208,0.06792,0.02,0.98,0.02,,0.91208,0.06792,0.02,0.98,0.02
260_,D3,ASIAN,,1.22427,0.0345703,0.0282374,,35.369,,0.91208,0.06792,0.02,0.98,0.02,,0.91208,0.06792,0.02,0.98,0.02
260_,TH01,BLACK,,3.71188,0.011029,0.00297127,,36.566,,0.84976,0.13024,0.02,0.98,0.02,,0.84976,0.13024,0.02,0.98,0.02
260_,TH01,CAUCASIAN,,3.8455,0.0204954,0.00532972,,35.588,,0.84976,0.13024,0.02,0.98,0.02,,0.84976,0.13024,0.02,0.98,0.02
260_,D13,CAUCASIAN,,2.08441,0.00758692,0.00363983,,33.987,,0.83616,0.14384,0.02,0.98,0.02,,0.83616,0.14384,0.02,0.98,0.02
260_,D13,BLACK,,1.3601,0.0117524,0.00864086,,35.134,,0.83616,0.14384,0.02,0.98,0.02,,0.83616,0.14384,0.02,0.98,0.02
260_,D13,ASIAN,,6.05163,0.00263406,0.000435264,,30.479,,0.83616,0.14384,0.02,0.98,0.02,,0.83616,0.14384,0.02,0.98,0.02
260_,D13,HISPANIC,,2.33027,0.00793441,0.00340493,,32.595,,0.83616,0.14384,0.02,0.98,0.02,,0.83616,0.14384,0.02,0.98,0.02
260_,D16,HISPANIC,,1.68777,0.00681974,0.00404068,,25.126,,0.78872,0.19128,0.02,0.98,0.02,,0.78872,0.19128,0.02,0.98,0.02
260_,D16,CAUCASIAN,,0.939209,0.00415551,0.00442447,,27.96,,0.78872,0.19128,0.02,0.98,0.02,,0.78872,0.19128,0.02,0.98,0.02
260_,D16,BLACK,,1.42929,0.00683642,0.00478308,,29.285,,0.78872,0.19128,0.02,0.98,0.02,,0.78872,0.19128,0.02,0.98,0.02
260_,D16,ASIAN,,1.57967,0.00560023,0.00354518,,25.515,,0.78872,0.19128,0.02,0.98,0.02,,0.78872,0.19128,0.02,0.98,0.02
260_,D2,BLACK,,14.1212,3.4564e-05,2.44768e-06,,20.282,,0.82592,0.15408,0.02,0.98,0.02,,0.82592,0.15408,0.02,0.98,0.02
260_,D2,CAUCASIAN,,15.7887,5.26351e-05,3.33372e-06,,20.281,,0.82592,0.15408,0.02,0.98,0.02,,0.82592,0.15408,0.02,0.98,0.02
260_,D2,HISPANIC,,19.0722,7.41997e-05,3.89046e-06,,23.197,,0.82592,0.15408,0.02,0.98,0.02,,0.82592,0.15408,0.02,0.98,0.02
260_,D2,ASIAN,,24.1761,2.79661e-05,1.15677e-06,,22.47,,0.82592,0.15408,0.02,0.98,0.02,,0.82592,0.15408,0.02,0.98,0.02
260_,D19,CAUCASIAN,,2.77837,0.260424,0.0937328,,22.057,,0.87848,0.10152,0.02,0.98,0.02,,0.87848,0.10152,0.02,0.98,0.02
260_,D19,BLACK,,8.99203,0.118299,0.013156,,26.755,,0.87848,0.10152,0.02,0.98,0.02,,0.87848,0.10152,0.02,0.98,0.02
260_,D19,HISPANIC,,5.6043,0.183153,0.0326807,,18.282,,0.87848,0.10152,0.02,0.98,0.02,,0.87848,0.10152,0.02,0.98,0.02
260_,D19,ASIAN,,7.42257,0.158215,0.0213153,,29.951,,0.87848,0.10152,0.02,0.98,0.02,,0.87848,0.10152,0.02,0.98,0.02
260_,vWA,ASIAN,,43.7988,0.00187363,4.27783e-05,,22.972,,0.82872,0.15,0.02128,0.98,0.02,,0.82872,0.15,0.02128,0.98,0.02
260_,vWA,CAUCASIAN,,7.99319,0.00241107,0.00030164,,26.417,,0.82872,0.15,0.02128,0.98,0.02,,0.82872,0.15,0.02128,0.98,0.02
260_,vWA,HISPANIC,,7.03416,0.00312937,0.000444881,,24.905,,0.82872,0.15,0.02128,0.98,0.02,,0.82872,0.15,0.02128,0.98,0.02
260_,TPOX,CAUCASIAN,,28.8486,0.45182,0.0156618,,29.332,,0.9044,0.0756,0.02,0.98,0.02,,0.9044,0.0756,0.02,0.98,0.02
260_,TPOX,BLACK,,9.93892,0.217875,0.0219214,,39.172,,0.9044,0.0756,0.02,0.98,0.02,,0.9044,0.0756,0.02,0.98,0.02
260_,TPOX,HISPANIC,,19.4954,0.330717,0.0169638,,32.318,,0.9044,0.0756,0.02,0.98,0.02,,0.9044,0.0756,0.02,0.98,0.02
260_,TPOX,ASIAN,,25.8447,0.392281,0.0151784,,30.64,,0.9044,0.0756,0.02,0.98,0.02,,0.9044,0.0756,0.02,0.98,0.02
260_,D18,BLACK,,3.10207,4.45401e-05,1.43582e-05,,37.068,,0.85616,0.12384,0.02,0.98,0.02,,0.85616,0.12384,0.02,0.98,0.02
260_,D18,CAUCASIAN,,4.86763,0.000103725,2.13091e-05,,35.095,,0.85616,0.12384,0.02,0.98,0.02,,0.85616,0.12384,0.02,0.98,0.02
260_,D18,ASIAN,,6.74227,8.33255e-05,1.23587e-05,,26.062,,0.85616,0.12384,0.02,0.98,0.02,,0.85616,0.12384,0.02,0.98,0.02
260_,D18,HISPANIC,,3.62587,7.07952e-05,1.9525e-05,,31.557,,0.85616,0.12384,0.02,0.98,0.02,,0.85616,0.12384,0.02,0.98,0.02
260_,D5,BLACK,,7.46067,0.0154871,0.00207583,,23.054,,0.81,0.17,0.02,0.98,0.02,,0.81,0.17,0.02,0.98,0.02
260_,D5,ASIAN,,2.34666,0.0123445,0.00526046,,18.655,,0.81,0.17,0.02,0.98,0.02,,0.81,0.17,0.02,0.98,0.02
260_,D5,CAUCASIAN,,5.89498,0.0173741,0.00294727,,22.834,,0.81,0.17,0.02,0.98,0.02,,0.81,0.17,0.02,0.98,0.02
260_,D5,HISPANIC,,7.77484,0.0130205,0.0016747,,21.436,,0.81,0.17,0.02,0.98,0.02,,0.81,0.17,0.02,0.98,0.02
260_,FGA,BLACK,,26.6346,0.000226311,8.49686e-06,,31.409,,0.82592,0.15024,0.02384,0.98,0.02,,0.82592,0.15024,0.02384,0.98,0.02
260_,FGA,CAUCASIAN,,17.6914,0.000352462,1.99228e-05,,28.388,,0.82592,0.15024,0.02384,0.98,0.02,,0.82592,0.15024,0.02384,0.98,0.02
260_,FGA,HISPANIC,,53.4908,0.000151049,2.82384e-06,,24.834,,0.82592,0.15024,0.02384,0.98,0.02,,0.82592,0.15024,0.02384,0.98,0.02
260_,FGA,ASIAN,,39.5304,0.0001597,4.03992e-06,,22.917,,0.82592,0.15024,0.02384,0.98,0.02,,0.82592,0.15024,0.02384,0.98,0.02
Overall:,15 Files,BLACK,,6.09088e+10,5.20587e-33,8.547e-44,,560.425
Overall:,15 Files,CAUCASIAN,,6.0323e+10,1.17608e-31,1.94963e-42,,560.425
Overall:,15 Files,HISPANIC,,4.32357e+11,7.92589e-33,1.83318e-44,,560.425
Overall:,15 Files,ASIAN,,8.248e+13,6.74623e-35,8.17923e-49,,560.425
261_,D8,HISPANIC,,12.1691,0.0378896,0.00311359,,28.67,,0.91,0.07,0.02,0.98,0.02,,0.91,0.07,0.02,0.98,0.02
261_,D8,BLACK,,12.2527,0.0117388,0.000958059,,31.489,,0.91,0.07,0.02,0.98,0.02,,0.91,0.07,0.02,0.98,0.02
261_,D8,ASIAN,,5.09247,0.0457214,0.00897823,,25.421,,0.91,0.07,0.02,0.98,0.02,,0.91,0.07,0.02,0.98,0.02
261_,D8,CAUCASIAN,,7.96156,0.0399339,0.00501584,,35.451,,0.91,0.07,0.02,0.98,0.02,,0.91,0.07,0.02,0.98,0.02
261_,D21,CAUCASIAN,,2.40071,0.0742304,0.0309201,,23.971,,0.83,0.15,0.02,0.98,0.02,,0.83,0.15,0.02,0.98,0.02
261_,D21,BLACK,,4.31096,0.126427,0.0293269,,28.589,,0.83,0.15,0.02,0.98,0.02,,0.83,0.15,0.02,0.98,0.02
261_,D21,ASIAN,,2.0615,0.0238426,0.0115657,,17.774,,0.83,0.15,0.02,0.98,0.02,,0.83,0.15,0.02,0.98,0.02
261_,D21,HISPANIC,,2.94902,0.0619845,0.0210187,,21.139,,0.83,0.15,0.02,0.98,0.02,,0.83,0.15,0.02,0.98,0.02
261_,D7,BLACK,,32.6257,0.190109,0.00582697,,28.33,,0.93,0.05,0.02,0.98,0.02,,0.93,0.05,0.02,0.98,0.02
261_,D7,CAUCASIAN,,33.8726,0.13054,0.00385386,,26.792,,0.93,0.05,0.02,0.98,0.02,,0.93,0.05,0.02,0.98,0.02
261_,D7,HISPANIC,,44.731,0.125269,0.00280049,,23.462,,0.93,0.05,0.02,0.98,0.02,,0.93,0.05,0.02,0.98,0.02
261_,D7,ASIAN,,50.096,0.059551,0.00118874,,29.748,,0.93,0.05,0.02,0.98,0.02,,0.93,0.05,0.02,0.98,0.02
261_,CSF,BLACK,,3.15198,0.118873,0.0377137,,24.54,,0.74,0.24,0.02,0.98,0.02,,0.74,0.24,0.02,0.98,0.02
261_,CSF,CAUCASIAN,,2.82148,0.20725,0.0734544,,21.263,,0.74,0.24,0.02,0.98,0.02,,0.74,0.24,0.02,0.98,0.02
261_,CSF,HISPANIC,,2.42716,0.180933,0.0745452,,18.734,,0.74,0.24,0.02,0.98,0.02,,0.74,0.24,0.02,0.98,0.02
261_,CSF,ASIAN,,2.34272,0.162533,0.069378,,19.821,,0.74,0.24,0.02,0.98,0.02,,0.74,0.24,0.02,0.98,0.02
261_,D3,CAUCASIAN,,3.13481,0.0895266,0.0285588,,66.354,,0.93,0.05,0.02,0.98,0.02,,0.93,0.05,0.02,0.98,0.02
261_,D3,BLACK,,4.01136,0.143976,0.0358921,,66.421,,0.93,0.05,0.02,0.98,0.02,,0.93,0.05,0.02,0.98,0.02
261_,D3,HISPANIC,,2.41237,0.165314,0.0685277,,66.321,,0.93,0.05,0.02,0.98,0.02,,0.93,0.05,0.02,0.98,0.02
261_,D3,ASIAN,,5.08129,0.19852,0.0390689,,65.801,,0.93,0.05,0.02,0.98,0.02,,0.93,0.05,0.02,0.98,0.02
261_,TH01,ASIAN,,22.853,0.100435,0.00439485,,67.953,,0.86,0.12,0.02,0.98,0.02,,0.86,0.12,0.02,0.98,0.02
261_,TH01,HISPANIC,,2.34044,0.158223,0.067604,,71.505,,0.86,0.12,0.02,0.98,0.02,,0.86,0.12,0.02,0.98,0.02
261_,TH01,CAUCASIAN,,2.06853,0.107763,0.0520963,,74.847,,0.86,0.12,0.02,0.98,0.02,,0.86,0.12,0.02,0.98,0.02
261_,TH01,BLACK,,11.3435,0.205411,0.0181083,,77.321,,0.86,0.12,0.02,0.98,0.02,,0.86,0.12,0.02,0.98,0.02
261_,D13,ASIAN,,14.8617,0.0505456,0.00340107,,42.41,,0.84,0.14,0.02,0.98,0.02,,0.84,0.14,0.02,0.98,0.02
261_,D13,HISPANIC,,3.83122,0.18222,0.0475618,,48.516,,0.84,0.14,0.02,0.98,0.02,,0.84,0.14,0.02,0.98,0.02
261_,D13,CAUCASIAN,,4.96111,0.187727,0.0378397,,49.789,,0.84,0.14,0.02,0.98,0.02,,0.84,0.14,0.02,0.98,0.02
261_,D16,CAUCASIAN,,2.43508,0.241375,0.0991239,,30.217,,0.79,0.19,0.02,0.98,0.02,,0.79,0.19,0.02,0.98,0.02
261_,D16,ASIAN,,3.54837,0.114426,0.0322475,,27.546,,0.79,0.19,0.02,0.98,0.02,,0.79,0.19,0.02,0.98,0.02
261_,D16,HISPANIC,,3.80737,0.110798,0.0291008,,30.072,,0.79,0.19,0.02,0.98,0.02,,0.79,0.19,0.02,0.98,0.02
261_,D16,BLACK,,3.15282,0.126328,0.0400682,,30.563,,0.79,0.19,0.02,0.98,0.02,,0.79,0.19,0.02,0.98,0.02
261_,D2,BLACK,,6.43892,0.00715165,0.00111069,,29.221,,0.84,0.14,0.02,0.98,0.02,,0.84,0.14,0.02,0.98,0.02
261_,D2,CAUCASIAN,,17.6167,0.00616011,0.000349676,,27.718,,0.84,0.14,0.02,0.98,0.02,,0.84,0.14,0.02,0.98,0.02
261_,D2,ASIAN,,11.8562,0.00380963,0.000321318,,20.931,,0.84,0.14,0.02,0.98,0.02,,0.84,0.14,0.02,0.98,0.02
261_,D2,HISPANIC,,13.2286,0.00521366,0.000394121,,25.057,,0.84,0.14,0.02,0.98,0.02,,0.84,0.14,0.02,0.98,0.02
261_,D19,BLACK,,9.23726,0.00167811,0.000181668,,31.369,,0.89,0.09,0.02,0.98,0.02,,0.89,0.09,0.02,0.98,0.02
261_,D19,CAUCASIAN,,11.4604,0.0081721,0.000713075,,28.914,,0.89,0.09,0.02,0.98,0.02,,0.89,0.09,0.02,0.98,0.02
261_,D19,HISPANIC,,6.32338,0.00632367,0.00100005,,24.152,,0.89,0.09,0.02,0.98,0.02,,0.89,0.09,0.02,0.98,0.02
261_,vWA,CAUCASIAN,,2.64911,0.0646529,0.0244055,,41.964,,0.83,0.15,0.02,0.98,0.02,,0.83,0.15,0.02,0.98,0.02
261_,vWA,HISPANIC,,2.03162,0.0763599,0.0375858,,40.027,,0.83,0.15,0.02,0.98,0.02,,0.83,0.15,0.02,0.98,0.02
261_,vWA,BLACK,,2.17441,0.127442,0.05861,,42.72,,0.83,0.15,0.02,0.98,0.02,,0.83,0.15,0.02,0.98,0.02
261_,vWA,ASIAN,,3.24432,0.0152795,0.00470963,,37.458,,0.83,0.15,0.02,0.98,0.02,,0.83,0.15,0.02,0.98,0.02
261_,TPOX,BLACK,,23.6951,0.0194937,0.000822689,,35.413,,0.93,0.05,0.02,0.98,0.02,,0.93,0.05,0.02,0.98,0.02
261_,TPOX,HISPANIC,,6.83308,0.0095573,0.00139868,,35.17,,0.93,0.05,0.02,0.98,0.02,,0.93,0.05,0.02,0.98,0.02
261_,TPOX,ASIAN,,32.8983,0.0069572,0.000211476,,34.107,,0.93,0.05,0.02,0.98,0.02,,0.93,0.05,0.02,0.98,0.02
261_,TPOX,CAUCASIAN,,18.1589,0.00578896,0.000318795,,35.289,,0.93,0.05,0.02,0.98,0.02,,0.93,0.05,0.02,0.98,0.02
261_,D18,BLACK,,9.85075,0.00747992,0.000759324,,36.479,,0.86,0.12,0.02,0.98,0.02,,0.86,0.12,0.02,0.98,0.02
261_,D18,CAUCASIAN,,15.5163,0.00467758,0.000301463,,35.674,,0.86,0.12,0.02,0.98,0.02,,0.86,0.12,0.02,0.98,0.02
261_,D18,ASIAN,,16.6792,0.00356946,0.000214006,,34.57,,0.86,0.12,0.02,0.98,0.02,,0.86,0.12,0.02,0.98,0.02
261_,D18,HISPANIC,,14.6695,0.00635219,0.000433021,,35.678,,0.86,0.12,0.02,0.98,0.02,,0.86,0.12,0.02,0.98,0.02
261_,D5,BLACK,,1.57763,0.0379834,0.0240762,,41.457,,0.81,0.17,0.02,0.98,0.02,,0.81,0.17,0.02,0.98,0.02
261_,D5,HISPANIC,,1.32706,0.0331322,0.0249667,,40.15,,0.81,0.17,0.02,0.98,0.02,,0.81,0.17,0.02,0.98,0.02
261_,D5,ASIAN,,1.77433,0.127122,0.0716451,,37.81,,0.81,0.17,0.02,0.98,0.02,,0.81,0.17,0.02,0.98,0.02
261_,D5,CAUCASIAN,,1.3888,0.0468223,0.0337142,,43.382,,0.81,0.17,0.02,0.98,0.02,,0.81,0.17,0.02,0.98,0.02
261_,FGA,ASIAN,,13.111,0.0175947,0.00134198,,26.574,,0.84,0.14,0.02,0.98,0.02,,0.84,0.14,0.02,0.98,0.02
261_,FGA,CAUCASIAN,,8.80517,0.0322661,0.00366444,,28.727,,0.84,0.14,0.02,0.98,0.02,,0.84,0.14,0.02,0.98,0.02
261_,FGA,BLACK,,19.6175,0.0200851,0.00102384,,30.581,,0.84,0.14,0.02,0.98,0.02,,0.84,0.14,0.02,0.98,0.02
261_,FGA,HISPANIC,,8.93502,0.0126624,0.00141716,,28.941,,0.84,0.14,0.02,0.98,0.02,,0.84,0.14,0.02,0.98,0.02
Overall:,15 Files,BLACK,,1.759e+12,5.91866e-21,3.36479e-33,,655.839
Overall:,15 Files,CAUCASIAN,,2.63699e+11,4.66804e-21,1.77022e-32,,655.839
Overall:,15 Files,HISPANIC,,6.48136e+10,1.80248e-21,2.78102e-32,,655.839
Overall:,15 Files,ASIAN,,9.10259e+12,1.20267e-23,1.32124e-36,,655.839
262_,D8,BLACK,,0.242709,6.86427e-07,2.82819e-06,,41.574,,0.766,0.2068,0.0272,0.98,0.02,,0.766,0.2068,0.0272,0.98,0.02
262_,D8,CAUCASIAN,,0.444813,2.43316e-06,5.47008e-06,,38.13,,0.766,0.2068,0.0272,0.98,0.02,,0.766,0.2068,0.0272,0.98,0.02
262_,D8,HISPANIC,,0.604769,2.55403e-06,4.22315e-06,,38.545,,0.766,0.2068,0.0272,0.98,0.02,,0.766,0.2068,0.0272,0.98,0.02
262_,D8,ASIAN,,0.569434,3.22111e-06,5.65668e-06,,37.325,,0.766,0.2068,0.0272,0.98,0.02,,0.766,0.2068,0.0272,0.98,0.02
262_,D21,BLACK,,1.72902,4.70424e-05,2.72075e-05,,27.921,,0.7104,0.2696,0.02,0.98,0.02,,0.7104,0.2696,0.02,0.98,0.02
262_,D21,HISPANIC,,3.11363,1.43818e-05,4.61898e-06,,23.062,,0.7104,0.2696,0.02,0.98,0.02,,0.7104,0.2696,0.02,0.98,0.02
262_,D21,CAUCASIAN,,2.87192,1.82823e-05,6.36588e-06,,26.627,,0.7104,0.2696,0.02,0.98,0.02,,0.7104,0.2696,0.02,0.98,0.02
262_,D21,ASIAN,,5.33608,3.1577e-05,5.91763e-06,,22.991,,0.7104,0.2696,0.02,0.98,0.02,,0.7104,0.2696,0.02,0.98,0.02
262_,D7,CAUCASIAN,,6.49796,0.0109844,0.00169044,,25.356,,0.6156,0.3428,0.0416,0.9728,0.0272,,0.6156,0.3428,0.0416,0.9728,0.0272
262_,D7,HISPANIC,,5.92138,0.010648,0.00179823,,22.689,,0.6156,0.3428,0.0416,0.9728,0.0272,,0.6156,0.3428,0.0416,0.9728,0.0272
262_,D7,BLACK,,6.43929,0.00736702,0.00114407,,31.583,,0.6156,0.3428,0.0416,0.9728,0.0272,,0.6156,0.3428,0.0416,0.9728,0.0272
262_,D7,ASIAN,,4.26384,0.0185357,0.00434718,,19.11,,0.6156,0.3428,0.0416,0.9728,0.0272,,0.6156,0.3428,0.0416,0.9728,0.0272
262_,CSF,BLACK,,2.04221,0.00103429,0.000506457,,43.752,,0.6376,0.288,0.0744,0.9224,0.0776,,0.6376,0.288,0.0744,0.9224,0.0776
262_,CSF,CAUCASIAN,,1.51697,0.00109314,0.000720609,,40.958,,0.6376,0.288,0.0744,0.9224,0.0776,,0.6376,0.288,0.0744,0.9224,0.0776
262_,CSF,HISPANIC,,1.62451,0.00127872,0.000787143,,35.78,,0.6376,0.288,0.0744,0.9224,0.0776,,0.6376,0.288,0.0744,0.9224,0.0776
262_,CSF,ASIAN,,2.14007,0.0012412,0.000579982,,30.391,,0.6376,0.288,0.0744,0.9224,0.0776,,0.6376,0.288,0.0744,0.9224,0.0776
262_,D3,BLACK,,0.0383765,4.48156e-07,1.16779e-05,,31.674,,0.6644,0.3012,0.0344,0.9656,0.0344,,0.6644,0.3012,0.0344,0.9656,0.0344
262_,D3,CAUCASIAN,,0.0376277,5.10167e-07,1.35583e-05,,34.49,,0.6644,0.3012,0.0344,0.9656,0.0344,,0.6644,0.3012,0.0344,0.9656,0.0344
262_,D3,ASIAN,,0.037918,3.53094e-07,9.31202e-06,,30.954,,0.6644,0.3012,0.0344,0.9656,0.0344,,0.6644,0.3012,0.0344,0.9656,0.0344
262_,D3,HISPANIC,,0.044589,7.52615e-07,1.68789e-05,,33.975,,0.6644,0.3012,0.0344,0.9656,0.0344,,0.6644,0.3012,0.0344,0.9656,0.0344
262_,TH01,BLACK,,2.66618,0.000166115,6.23043e-05,,31.603,,0.6904,0.2896,0.02,0.9584,0.0416,,0.6904,0.2896,0.02,0.9584,0.0416
262_,TH01,CAUCASIAN,,5.82837,0.000428643,7.35442e-05,,34.741,,0.6904,0.2896,0.02,0.9584,0.0416,,0.6904,0.2896,0.02,0.9584,0.0416
262_,TH01,ASIAN,,1.57451,0.000366719,0.00023291,,25.994,,0.6904,0.2896,0.02,0.9584,0.0416,,0.6904,0.2896,0.02,0.9584,0.0416
262_,D13,BLACK,,3.83845,0.000847396,0.000220765,,83.966,,0.6936,0.2864,0.02,0.98,0.02,,0.6936,0.2864,0.02,0.98,0.02
262_,D13,HISPANIC,,3.75581,0.000854872,0.000227613,,83.224,,0.6936,0.2864,0.02,0.98,0.02,,0.6936,0.2864,0.02,0.98,0.02
262_,D13,CAUCASIAN,,6.68254,0.000654663,9.79662e-05,,83.859,,0.6936,0.2864,0.02,0.98,0.02,,0.6936,0.2864,0.02,0.98,0.02
262_,D13,ASIAN,,17.7348,0.000522558,2.94652e-05,,65.742,,0.6936,0.2864,0.02,0.98,0.02,,0.6936,0.2864,0.02,0.98,0.02
262_,D16,CAUCASIAN,,3.68086,0.00586789,0.00159416,,33.739,,0.5744,0.4056,0.02,0.8864,0.1136,,0.5744,0.4056,0.02,0.8864,0.1136
262_,D16,BLACK,,3.81804,0.0121594,0.00318471,,35.68,,0.5744,0.4056,0.02,0.8864,0.1136,,0.5744,0.4056,0.02,0.8864,0.1136
262_,D16,HISPANIC,,4.5526,0.011306,0.00248342,,30.565,,0.5744,0.4056,0.02,0.8864,0.1136,,0.5744,0.4056,0.02,0.8864,0.1136
262_,D16,ASIAN,,4.20514,0.0149774,0.00356169,,24.997,,0.5744,0.4056,0.02,0.8864,0.1136,,0.5744,0.4056,0.02,0.8864,0.1136
262_,D2,HISPANIC,,0.946021,0.0139185,0.0147127,,21.434,,0.566,0.342,0.092,0.8504,0.1496,,0.566,0.342,0.092,0.8504,0.1496
262_,D2,BLACK,,1.40012,0.0166949,0.011924,,24.812,,0.566,0.342,0.092,0.8504,0.1496,,0.566,0.342,0.092,0.8504,0.1496
262_,D2,CAUCASIAN,,1.42781,0.0184228,0.0129028,,24.405,,0.566,0.342,0.092,0.8504,0.1496,,0.566,0.342,0.092,0.8504,0.1496
262_,D2,ASIAN,,0.959336,0.0345228,0.0359862,,19.51,,0.566,0.342,0.092,0.8504,0.1496,,0.566,0.342,0.092,0.8504,0.1496
262_,D19,BLACK,,26.0636,4.03393e-06,1.54773e-07,,35.452,,0.686,0.2724,0.0416,0.9728,0.0272,,0.686,0.2724,0.0416,0.9728,0.0272
262_,D19,CAUCASIAN,,44.283,8.78379e-06,1.98356e-07,,43.824,,0.686,0.2724,0.0416,0.9728,0.0272,,0.686,0.2724,0.0416,0.9728,0.0272
262_,D19,HISPANIC,,18.9522,6.31124e-06,3.33008e-07,,44.376,,0.686,0.2724,0.0416,0.9728,0.0272,,0.686,0.2724,0.0416,0.9728,0.0272
262_,D19,ASIAN,,26.3526,3.925e-06,1.48941e-07,,42.27,,0.686,0.2724,0.0416,0.9728,0.0272,,0.686,0.2724,0.0416,0.9728,0.0272
262_,vWA,CAUCASIAN,,3.65067,0.00116977,0.000320425,,19.589,,0.6288,0.3296,0.0416,0.9728,0.0272,,0.6288,0.3296,0.0416,0.9728,0.0272
262_,vWA,HISPANIC,,2.14591,0.000570278,0.000265751,,17.554,,0.6288,0.3296,0.0416,0.9728,0.0272,,0.6288,0.3296,0.0416,0.9728,0.0272
262_,vWA,BLACK,,1.48035,0.000330505,0.000223261,,21.631,,0.6288,0.3296,0.0416,0.9728,0.0272,,0.6288,0.3296,0.0416,0.9728,0.0272
262_,vWA,ASIAN,,13.543,0.00216569,0.000159913,,15.328,,0.6288,0.3296,0.0416,0.9728,0.0272,,0.6288,0.3296,0.0416,0.9728,0.0272
262_,TPOX,BLACK,,0.546726,0.00465692,0.00851784,,31.225,,0.7148,0.2292,0.056,0.9224,0.0776,,0.7148,0.2292,0.056,0.9224,0.0776
262_,TPOX,CAUCASIAN,,1.08736,0.00235597,0.00216668,,42.249,,0.7148,0.2292,0.056,0.9224,0.0776,,0.7148,0.2292,0.056,0.9224,0.0776
262_,TPOX,HISPANIC,,0.488862,0.00520652,0.0106503,,34.703,,0.7148,0.2292,0.056,0.9224,0.0776,,0.7148,0.2292,0.056,0.9224,0.0776
262_,TPOX,ASIAN,,0.565152,0.00450559,0.00797235,,30.629,,0.7148,0.2292,0.056,0.9224,0.0776,,0.7148,0.2292,0.056,0.9224,0.0776
262_,D18,CAUCASIAN,,0.999603,0.000240741,0.000240837,,36.211,,0.6472,0.268,0.0848,0.98,0.02,,0.6472,0.268,0.0848,0.98,0.02
262_,D18,BLACK,,0.71926,0.000304872,0.000423869,,38.369,,0.6472,0.268,0.0848,0.98,0.02,,0.6472,0.268,0.0848,0.98,0.02
262_,D18,HISPANIC,,1.01986,0.000219208,0.000214939,,34.819,,0.6472,0.268,0.0848,0.98,0.02,,0.6472,0.268,0.0848,0.98,0.02
262_,D18,ASIAN,,0.980292,0.000282745,0.000288429,,31.518,,0.6472,0.268,0.0848,0.98,0.02,,0.6472,0.268,0.0848,0.98,0.02
262_,D5,BLACK,,2.04296,0.0811756,0.0397343,,35.886,,0.7116,0.2684,0.02,0.98,0.02,,0.7116,0.2684,0.02,0.98,0.02
262_,D5,CAUCASIAN,,1.80118,0.0900571,0.049999,,35.452,,0.7116,0.2684,0.02,0.98,0.02,,0.7116,0.2684,0.02,0.98,0.02
262_,D5,ASIAN,,2.36684,0.0684605,0.0289249,,30.941,,0.7116,0.2684,0.02,0.98,0.02,,0.7116,0.2684,0.02,0.98,0.02
262_,D5,HISPANIC,,1.70518,0.0934142,0.0547825,,33.776,,0.7116,0.2684,0.02,0.98,0.02,,0.7116,0.2684,0.02,0.98,0.02
262_,FGA,CAUCASIAN,,0.718801,3.3064e-08,4.59988e-08,,38.652,,0.6488,0.2736,0.0776,0.98,0.02,,0.6488,0.2736,0.0776,0.98,0.02
262_,FGA,BLACK,,0.592981,4.2637e-08,7.19029e-08,,39.388,,0.6488,0.2736,0.0776,0.98,0.02,,0.6488,0.2736,0.0776,0.98,0.02
262_,FGA,HISPANIC,,0.812846,3.84785e-08,4.73379e-08,,36.464,,0.6488,0.2736,0.0776,0.98,0.02,,0.6488,0.2736,0.0776,0.98,0.02
262_,FGA,ASIAN,,0.485708,4.67648e-08,9.62817e-08,,34.67,,0.6488,0.2736,0.0776,0.98,0.02,,0.6488,0.2736,0.0776,0.98,0.02
Overall:,15 Files,BLACK,,212.96,2.0643e-56,9.69339e-59,,654.869
Overall:,15 Files,CAUCASIAN,,22064.8,1.43448e-55,6.50124e-60,,654.869
Overall:,15 Files,HISPANIC,,1701.6,3.10387e-55,1.82409e-58,,654.869
Overall:,15 Files,ASIAN,,26919.5,2.83837e-54,1.05439e-58,,654.869
263_,D8,BLACK,,3.97244,0.00698356,0.001758,,34.904,,0.93,0.05,0.02,0.98,0.02,,0.93,0.05,0.02,0.98,0.02
263_,D8,CAUCASIAN,,8.2417,0.00417357,0.000506396,,33.537,,0.93,0.05,0.02,0.98,0.02,,0.93,0.05,0.02,0.98,0.02
263_,D8,HISPANIC,,12.4531,0.003059,0.000245641,,30.846,,0.93,0.05,0.02,0.98,0.02,,0.93,0.05,0.02,0.98,0.02
263_,D8,ASIAN,,14.1372,0.00340303,0.000240713,,26.939,,0.93,0.05,0.02,0.98,0.02,,0.93,0.05,0.02,0.98,0.02
263_,D21,CAUCASIAN,,14.0295,0.00568185,0.000404993,,22.007,,0.93,0.05,0.02,0.98,0.02,,0.93,0.05,0.02,0.98,0.02
263_,D21,HISPANIC,,34.0429,0.00381362,0.000112024,,19.711,,0.93,0.05,0.02,0.98,0.02,,0.93,0.05,0.02,0.98,0.02
263_,D21,BLACK,,32.6636,0.00622628,0.000190618,,24.433,,0.93,0.05,0.02,0.98,0.02,,0.93,0.05,0.02,0.98,0.02
263_,D21,ASIAN,,47.0491,0.0022948,4.87745e-05,,23.758,,0.93,0.05,0.02,0.98,0.02,,0.93,0.05,0.02,0.98,0.02
263_,D7,BLACK,,7.4279,0.114441,0.0154069,,21.981,,0.93,0.05,0.02,0.98,0.02,,0.93,0.05,0.02,0.98,0.02
263_,D7,CAUCASIAN,,7.29087,0.129878,0.0178138,,20.156,,0.93,0.05,0.02,0.98,0.02,,0.93,0.05,0.02,0.98,0.02
263_,D7,HISPANIC,,6.66806,0.135952,0.0203885,,17.046,,0.93,0.05,0.02,0.98,0.02,,0.93,0.05,0.02,0.98,0.02
263_,D7,ASIAN,,4.66565,0.214401,0.0459531,,25.616,,0.93,0.05,0.02,0.98,0.02,,0.93,0.05,0.02,0.98,0.02
263_,CSF,BLACK,,3.17417,0.263244,0.0829332,,22.205,,0.93,0.05,0.02,0.98,0.02,,0.93,0.05,0.02,0.98,0.02
263_,CSF,CAUCASIAN,,3.63865,0.230067,0.0632288,,18.694,,0.93,0.05,0.02,0.98,0.02,,0.93,0.05,0.02,0.98,0.02
263_,CSF,HISPANIC,,2.92677,0.286659,0.0979438,,17.324,,0.93,0.05,0.02,0.98,0.02,,0.93,0.05,0.02,0.98,0.02
263_,CSF,ASIAN,,3.39217,0.255738,0.0753909,,17.742,,0.93,0.05,0.02,0.98,0.02,,0.93,0.05,0.02,0.98,0.02
263_,D3,BLACK,,1.79615,0.301754,0.168001,,28.699,,0.93,0.05,0.02,0.98,0.02,,0.93,0.05,0.02,0.98,0.02
263_,D3,CAUCASIAN,,2.0824,0.220769,0.106016,,26.351,,0.93,0.05,0.02,0.98,0.02,,0.93,0.05,0.02,0.98,0.02
263_,D3,ASIAN,,1.85487,0.3915,0.211066,,19.894,,0.93,0.05,0.02,0.98,0.02,,0.93,0.05,0.02,0.98,0.02
263_,D3,HISPANIC,,1.95738,0.306777,0.156728,,25.149,,0.93,0.05,0.02,0.98,0.02,,0.93,0.05,0.02,0.98,0.02
263_,TH01,BLACK,,28.314,0.00747884,0.00026414,,29.906,,0.93,0.05,0.02,0.98,0.02,,0.93,0.05,0.02,0.98,0.02
263_,TH01,CAUCASIAN,,9.12901,0.00494446,0.000541621,,24.461,,0.93,0.05,0.02,0.98,0.02,,0.93,0.05,0.02,0.98,0.02
263_,TH01,HISPANIC,,8.00608,0.0073041,0.000912319,,20.003,,0.93,0.05,0.02,0.98,0.02,,0.93,0.05,0.02,0.98,0.02
263_,TH01,ASIAN,,29.5572,0.00453738,0.000153512,,24.779,,0.93,0.05,0.02,0.98,0.02,,0.93,0.05,0.02,0.98,0.02
263_,D13,BLACK,,113.683,0.00504567,4.43838e-05,,20.114,,0.93,0.05,0.02,0.98,0.02,,0.93,0.05,0.02,0.98,0.02
263_,D13,CAUCASIAN,,51.416,0.00562278,0.000109359,,17.73,,0.93,0.05,0.02,0.98,0.02,,0.93,0.05,0.02,0.98,0.02
263_,D13,HISPANIC,,34.218,0.0059891,0.000175028,,32.213,,0.93,0.05,0.02,0.98,0.02,,0.93,0.05,0.02,0.98,0.02
263_,D13,ASIAN,,80.018,0.00243623,3.0446e-05,,29.045,,0.93,0.05,0.02,0.98,0.02,,0.93,0.05,0.02,0.98,0.02
263_,D16,BLACK,,4.11259,0.0105784,0.0025722,,33.651,,0.93,0.05,0.02,0.98,0.02,,0.93,0.05,0.02,0.98,0.02
263_,D16,CAUCASIAN,,4.63067,0.00674387,0.00145635,,34.966,,0.93,0.05,0.02,0.98,0.02,,0.93,0.05,0.02,0.98,0.02
263_,D16,HISPANIC,,4.59857,0.00976506,0.0021235,,33.13,,0.93,0.05,0.02,0.98,0.02,,0.93,0.05,0.02,0.98,0.02
263_,D16,ASIAN,,6.11343,0.0105452,0.00172493,,34.062,,0.93,0.05,0.02,0.98,0.02,,0.93,0.05,0.02,0.98,0.02
263_,D2,CAUCASIAN,,7.97619,0.000175387,2.19888e-05,,39.606,,0.93,0.05,0.02,0.98,0.02,,0.93,0.05,0.02,0.98,0.02
263_,D2,ASIAN,,3.29958,0.000471414,0.000142871,,34.676,,0.93,0.05,0.02,0.98,0.02,,0.93,0.05,0.02,0.98,0.02
263_,D2,BLACK,,8.52661,0.000146057,1.71295e-05,,42.783,,0.93,0.05,0.02,0.98,0.02,,0.93,0.05,0.02,0.98,0.02
263_,D2,HISPANIC,,5.23366,0.000144423,2.75951e-05,,39.239,,0.93,0.05,0.02,0.98,0.02,,0.93,0.05,0.02,0.98,0.02
263_,D19,CAUCASIAN,,10.9929,0.0797633,0.00725589,,34.237,,0.93,0.05,0.02,0.98,0.02,,0.93,0.05,0.02,0.98,0.02
263_,D19,BLACK,,10.376,0.0845058,0.00814436,,35.204,,0.93,0.05,0.02,0.98,0.02,,0.93,0.05,0.02,0.98,0.02
263_,D19,ASIAN,,14.9754,0.0585518,0.00390986,,34.201,,0.93,0.05,0.02,0.98,0.02,,0.93,0.05,0.02,0.98,0.02
263_,D19,HISPANIC,,32.6537,0.0268548,0.000822412,,36.403,,0.93,0.05,0.02,0.98,0.02,,0.93,0.05,0.02,0.98,0.02
263_,vWA,BLACK,,8.74475,0.0077499,0.000886235,,30.224,,0.93,0.05,0.02,0.98,0.02,,0.93,0.05,0.02,0.98,0.02
263_,vWA,ASIAN,,7.80702,0.0056128,0.000718943,,27.241,,0.93,0.05,0.02,0.98,0.02,,0.93,0.05,0.02,0.98,0.02
263_,vWA,CAUCASIAN,,6.54893,0.00663736,0.0010135,,29.371,,0.93,0.05,0.02,0.98,0.02,,0.93,0.05,0.02,0.98,0.02
263_,vWA,HISPANIC,,8.6336,0.00855711,0.00099114,,28.6,,0.93,0.05,0.02,0.98,0.02,,0.93,0.05,0.02,0.98,0.02
263_,TPOX,BLACK,,2.94587,0.284827,0.0966867,,34.929,,0.93,0.05,0.02,0.98,0.02,,0.93,0.05,0.02,0.98,0.02
263_,TPOX,CAUCASIAN,,2.40611,0.495433,0.205906,,34.093,,0.93,0.05,0.02,0.98,0.02,,0.93,0.05,0.02,0.98,0.02
263_,TPOX,ASIAN,,1.90219,0.478339,0.251467,,28.909,,0.93,0.05,0.02,0.98,0.02,,0.93,0.05,0.02,0.98,0.02
263_,TPOX,HISPANIC,,2.02714,0.42441,0.209364,,31.659,,0.93,0.05,0.02,0.98,0.02,,0.93,0.05,0.02,0.98,0.02
263_,D18,BLACK,,24.5358,0.00337542,0.000137572,,31.361,,0.93,0.05,0.02,0.98,0.02,,0.93,0.05,0.02,0.98,0.02
263_,D18,ASIAN,,21.8126,0.00382158,0.000175201,,27.913,,0.93,0.05,0.02,0.98,0.02,,0.93,0.05,0.02,0.98,0.02
263_,D18,HISPANIC,,23.7209,0.00255723,0.000107805,,30.523,,0.93,0.05,0.02,0.98,0.02,,0.93,0.05,0.02,0.98,0.02
263_,D5,BLACK,,33.2714,0.00738026,0.00022182,,30.425,,0.93,0.05,0.02,0.98,0.02,,0.93,0.05,0.02,0.98,0.02
263_,D5,HISPANIC,,33.014,0.00668992,0.000202639,,23.947,,0.93,0.05,0.02,0.98,0.02,,0.93,0.05,0.02,0.98,0.02
263_,D5,CAUCASIAN,,28.649,0.00819346,0.000285995,,27.948,,0.93,0.05,0.02,0.98,0.02,,0.93,0.05,0.02,0.98,0.02
263_,D5,ASIAN,,37.5972,0.00447811,0.000119107,,20.202,,0.93,0.05,0.02,0.98,0.02,,0.93,0.05,0.02,0.98,0.02
263_,FGA,CAUCASIAN,,23.0352,0.0380661,0.00165252,,25.369,,0.93,0.05,0.02,0.98,0.02,,0.93,0.05,0.02,0.98,0.02
263_,FGA,BLACK,,43.5901,0.020119,0.00046155,,27.444,,0.93,0.05,0.02,0.98,0.02,,0.93,0.05,0.02,0.98,0.02
263_,FGA,HISPANIC,,49.8319,0.0176002,0.000353191,,21.817,,0.93,0.05,0.02,0.98,0.02,,0.93,0.05,0.02,0.98,0.02
263_,FGA,ASIAN,,55.0335,0.0159377,0.0002896,,30.051,,0.93,0.05,0.02,0.98,0.02,,0.93,0.05,0.02,0.98,0.02
Overall:,15 Files,BLACK,,5.89924e+15,2.15458e-27,3.65231e-43,,568.942
Overall:,15 Files,CAUCASIAN,,1.95393e+14,1.31376e-27,6.72369e-42,,568.942
Overall:,15 Files,HISPANIC,,2.38131e+15,2.52681e-28,1.0611e-43,,568.942
Overall:,15 Files,ASIAN,,9.35019e+15,3.94969e-28,4.22418e-44,,568.942
264_,D8,BLACK,,0.734842,1.43321e-06,1.95036e-06,,32.959,,0.546,0.3896,0.0644,0.97,0.03,,0.546,0.3896,0.0644,0.97,0.03
264_,D8,CAUCASIAN,,0.503367,3.79593e-06,7.54108e-06,,48.543,,0.546,0.3896,0.0644,0.97,0.03,,0.546,0.3896,0.0644,0.97,0.03
264_,D8,HISPANIC,,0.481719,4.93324e-06,1.02409e-05,,44.566,,0.546,0.3896,0.0644,0.97,0.03,,0.546,0.3896,0.0644,0.97,0.03
264_,D8,ASIAN,,0.792167,5.12411e-06,6.46847e-06,,40.68,,0.546,0.3896,0.0644,0.97,0.03,,0.546,0.3896,0.0644,0.97,0.03
264_,D21,BLACK,,52.438,0.000361191,6.88797e-06,,19.581,,0.4948,0.4032,0.102,0.9536,0.0464,,0.4948,0.4032,0.102,0.9536,0.0464
464
264_,D21,HISPANIC,,16.9047,0.000527855,3.12254e-05,,19.553,,0.4948,0.4032,0.102,0.9536,0.0464,,0.4948,0.4032,0.102,0.9536,0.0464
264_,D21,ASIAN,,21.961,0.000635715,2.89475e-05,,16.222,,0.4948,0.4032,0.102,0.9536,0.0464,,0.4948,0.4032,0.102,0.9536,0.0464
264_,D7,BLACK,,5.16785,0.0178794,0.00345973,,34.775,,0.5136,0.35,0.1364,0.862,0.138,,0.5136,0.35,0.1364,0.862,0.138
264_,D7,CAUCASIAN,,3.46466,0.0142117,0.00410191,,35.919,,0.5136,0.35,0.1364,0.862,0.138,,0.5136,0.35,0.1364,0.862,0.138
264_,D7,ASIAN,,1.9604,0.00710843,0.00362602,,28.374,,0.5136,0.35,0.1364,0.862,0.138,,0.5136,0.35,0.1364,0.862,0.138
8
264_,CSF,CAUCASIAN,,1.16701,4.51761e-06,3.8711e-06,,30.257,,0.5224,0.4032,0.0744,0.8596,0.1404,,0.5224,0.4032,0.0744,0.8596,0.1404
264_,CSF,BLACK,,1.84621,4.19997e-06,2.27491e-06,,33.595,,0.5224,0.4032,0.0744,0.8596,0.1404,,0.5224,0.4032,0.0744,0.8596,0.1404
264_,CSF,HISPANIC,,1.3848,4.69708e-06,3.39189e-06,,26.71,,0.5224,0.4032,0.0744,0.8596,0.1404,,0.5224,0.4032,0.0744,0.8596,0.1404
264_,CSF,ASIAN,,1.53869,4.73528e-06,3.07748e-06,,22.419,,0.5224,0.4032,0.0744,0.8596,0.1404,,0.5224,0.4032,0.0744,0.8596,0.1404
264_,D3,CAUCASIAN,,3.21282,4.31166e-05,1.34202e-05,,31.051,,0.468,0.5,0.032,0.9196,0.0804,,0.468,0.5,0.032,0.9196,0.0804
264_,D3,BLACK,,5.43155,6.83532e-05,1.25845e-05,,33.986,,0.468,0.5,0.032,0.9196,0.0804,,0.468,0.5,0.032,0.9196,0.0804
264_,D3,ASIAN,,9.12149,9.33719e-05,1.02365e-05,,24.235,,0.468,0.5,0.032,0.9196,0.0804,,0.468,0.5,0.032,0.9196,0.0804
264_,D3,HISPANIC,,4.47135,7.82962e-05,1.75106e-05,,34.504,,0.468,0.5,0.032,0.9196,0.0804,,0.468,0.5,0.032,0.9196,0.0804
264_,TH01,BLACK,,2.42809,0.00406393,0.00167371,,22.298,,0.6476,0.3204,0.032,0.968,0.032,,0.6476,0.3204,0.032,0.968,0.032
264_,TH01,CAUCASIAN,,2.39864,0.00337777,0.0014082,,17.989,,0.6476,0.3204,0.032,0.968,0.032,,0.6476,0.3204,0.032,0.968,0.032
264_,TH01,ASIAN,,2.77774,0.00665063,0.00239426,,28.2,,0.6476,0.3204,0.032,0.968,0.032,,0.6476,0.3204,0.032,0.968,0.032
264_,TH01,HISPANIC,,1.7066,0.00369516,0.00216521,,32.671,,0.6476,0.3204,0.032,0.968,0.032,,0.6476,0.3204,0.032,0.968,0.032
264_,D13,BLACK,,12.4658,0.00278037,0.00022304,,42.888,,0.5036,0.4072,0.0892,0.9764,0.0236,,0.5036,0.4072,0.0892,0.9764,0.0236
264_,D13,CAUCASIAN,,13.6215,0.00205503,0.000150867,,40.994,,0.5036,0.4072,0.0892,0.9764,0.0236,,0.5036,0.4072,0.0892,0.9764,0.0236
264_,D13,HISPANIC,,4.74082,0.00206459,0.000435493,,38.58,,0.5036,0.4072,0.0892,0.9764,0.0236,,0.5036,0.4072,0.0892,0.9764,0.0236
264_,D13,ASIAN,,1.6913,0.0011683,0.000690771,,39.761,,0.5036,0.4072,0.0892,0.9764,0.0236,,0.5036,0.4072,0.0892,0.9764,0.0236
264_,D16,BLACK,,48.4431,0.00136821,2.82436e-05,,35.675,,0.6124,0.27,0.1176,0.8768,0.1232,,0.6124,0.27,0.1176,0.8768,0.1232
264_,D16,HISPANIC,,25.6067,0.00123517,4.82361e-05,,34.703,,0.6124,0.27,0.1176,0.8768,0.1232,,0.6124,0.27,0.1176,0.8768,0.1232
264_,D16,CAUCASIAN,,79.2242,0.00135185,1.70636e-05,,35.822,,0.6124,0.27,0.1176,0.8768,0.1232,,0.6124,0.27,0.1176,0.8768,0.1232
264_,D16,ASIAN,,46.2577,0.00127855,2.76397e-05,,32.686,,0.6124,0.27,0.1176,0.8768,0.1232,,0.6124,0.27,0.1176,0.8768,0.1232
264_,D2,CAUCASIAN,,1.83445,2.51889e-06,1.3731e-06,,23.596,,0.392,0.5,0.108,0.928,0.072,,0.392,0.5,0.108,0.928,0.072
264_,D2,BLACK,,4.52988,2.28149e-06,5.03653e-07,,25.469,,0.392,0.5,0.108,0.928,0.072,,0.392,0.5,0.108,0.928,0.072
264_,D2,HISPANIC,,1.90636,3.00684e-06,1.57727e-06,,33.438,,0.392,0.5,0.108,0.928,0.072,,0.392,0.5,0.108,0.928,0.072
264_,D2,ASIAN,,3.81901,2.12357e-06,5.56054e-07,,32.133,,0.392,0.5,0.108,0.928,0.072,,0.392,0.5,0.108,0.928,0.072
264_,D19,CAUCASIAN,,12.1878,5.32643e-06,4.37029e-07,,51.841,,0.4932,0.42,0.0868,0.9364,0.0636,,0.4932,0.42,0.0868,0.9364,0.0636
264_,D19,HISPANIC,,2.62052,2.77142e-06,1.05758e-06,,50.345,,0.4932,0.42,0.0868,0.9364,0.0636,,0.4932,0.42,0.0868,0.9364,0.0636
264_,D19,BLACK,,5.503,2.00376e-06,3.64121e-07,,53.728,,0.4932,0.42,0.0868,0.9364,0.0636,,0.4932,0.42,0.0868,0.9364,0.0636
264_,D19,ASIAN,,5.13038,2.24148e-06,4.36904e-07,,50.158,,0.4932,0.42,0.0868,0.9364,0.0636,,0.4932,0.42,0.0868,0.9364,0.0636
264_,vWA,CAUCASIAN,,1.60195,1.91765e-05,1.19707e-05,,49.054,,0.482,0.4036,0.1144,0.9592,0.0408,,0.482,0.4036,0.1144,0.9592,0.0408
264_,vWA,ASIAN,,2.25875,7.05317e-06,3.1226e-06,,48.144,,0.482,0.4036,0.1144,0.9592,0.0408,,0.482,0.4036,0.1144,0.9592,0.0408
264_,vWA,BLACK,,3.88577,3.40128e-05,8.75318e-06,,49.224,,0.482,0.4036,0.1144,0.9592,0.0408,,0.482,0.4036,0.1144,0.9592,0.0408
264_,vWA,HISPANIC,,2.7684,2.34184e-05,8.45919e-06,,51.19,,0.482,0.4036,0.1144,0.9592,0.0408,,0.482,0.4036,0.1144,0.9592,0.0408
264_,TPOX,BLACK,,2.83195,0.000379526,0.000134016,,49.82,,0.6236,0.3416,0.0348,0.9032,0.0968,,0.6236,0.3416,0.0348,0.9032,0.0968
264_,TPOX,CAUCASIAN,,1.73463,0.00018354,0.000105809,,45.766,,0.6236,0.3416,0.0348,0.9032,0.0968,,0.6236,0.3416,0.0348,0.9032,0.0968
264_,TPOX,ASIAN,,2.28708,0.000336824,0.000147272,,35.387,,0.6236,0.3416,0.0348,0.9032,0.0968,,0.6236,0.3416,0.0348,0.9032,0.0968
264_,TPOX,HISPANIC,,2.53594,0.000281986,0.000111196,,42.631,,0.6236,0.3416,0.0348,0.9032,0.0968,,0.6236,0.3416,0.0348,0.9032,0.0968
264_,D18,BLACK,,8.93887,7.04857e-05,7.8853e-06,,29.013,,0.458,0.4612,0.0808,0.8004,0.1996,,0.458,0.4612,0.0808,0.8004,0.1996
264_,D18,ASIAN,,5.02021,0.000212991,4.24268e-05,,25.697,,0.458,0.4612,0.0808,0.8004,0.1996,,0.458,0.4612,0.0808,0.8004,0.1996
264_,D18,CAUCASIAN,,4.40788,0.000292233,6.6298e-05,,28.056,,0.458,0.4612,0.0808,0.8004,0.1996,,0.458,0.4612,0.0808,0.8004,0.1996
264_,D18,HISPANIC,,5.19598,0.000189381,3.64476e-05,,27.959,,0.458,0.4612,0.0808,0.8004,0.1996,,0.458,0.4612,0.0808,0.8004,0.1996
264_,D5,CAUCASIAN,,6.8986,0.00445415,0.000645661,,22.431,,0.5996,0.3768,0.0236,0.9716,0.0284,,0.5996,0.3768,0.0236,0.9716,0.0284
264_,D5,BLACK,,10.1798,0.00392551,0.000385619,,25.552,,0.5996,0.3768,0.0236,0.9716,0.0284,,0.5996,0.3768,0.0236,0.9716,0.0284
264_,D5,HISPANIC,,5.64989,0.00467481,0.000827416,,28.225,,0.5996,0.3768,0.0236,0.9716,0.0284,,0.5996,0.3768,0.0236,0.9716,0.0284
264_,D5,ASIAN,,3.04451,0.00386659,0.00127002,,28.635,,0.5996,0.3768,0.0236,0.9716,0.0284,,0.5996,0.3768,0.0236,0.9716,0.0284
264_,FGA,BLACK,,11.0527,7.49875e-05,6.78456e-06,,45.028,,0.472,0.3372,0.1908,0.9596,0.0404,,0.472,0.3372,0.1908,0.9596,0.0404
264_,FGA,CAUCASIAN,,16.2651,7.48409e-05,4.60131e-06,,41.779,,0.472,0.3372,0.1908,0.9596,0.0404,,0.472,0.3372,0.1908,0.9596,0.0404
264_,FGA,HISPANIC,,11.9831,3.71022e-05,3.0962e-06,,39.319,,0.472,0.3372,0.1908,0.9596,0.0404,,0.472,0.3372,0.1908,0.9596,0.0404
264_,FGA,ASIAN,,12.4789,7.30327e-05,5.8525e-06,,37.209,,0.472,0.3372,0.1908,0.9596,0.0404,,0.472,0.3372,0.1908,0.9596,0.0404
Overall:,15 Files,BLACK,,8.0781e+11,5.02968e-59,6.22632e-71,,671.396
Overall:,15 Files,CAUCASIAN,,2.21605e+10,2.03341e-58,9.17582e-69,,671.396
Overall:,15 Files,HISPANIC,,3.76238e+08,2.19637e-58,5.83773e-67,,671.396
Overall:,15 Files,ASIAN,,2.00812e+09,6.91751e-59,3.44476e-68,,671.396
265_,D8,BLACK,,3.31978,0.0580339,0.0174813,,21.826,,0.8556,0.1244,0.02,0.98,0.02,,0.8556,0.1244,0.02,0.98,0.02
265_,D8,HISPANIC,,4.5956,0.0651918,0.0141857,,19.527,,0.8556,0.1244,0.02,0.98,0.02,,0.8556,0.1244,0.02,0.98,0.02
265_,D8,CAUCASIAN,,5.42914,0.0743072,0.0136867,,21.369,,0.8556,0.1244,0.02,0.98,0.02,,0.8556,0.1244,0.02,0.98,0.02
265_,D8,ASIAN,,3.25483,0.0351154,0.0107887,,17.445,,0.8556,0.1244,0.02,0.98,0.02,,0.8556,0.1244,0.02,0.98,0.02
265_,D21,BLACK,,3.37741,0.00850617,0.00251855,,38.208,,0.83,0.15,0.02,0.98,0.02,,0.83,0.15,0.02,0.98,0.02
265_,D21,HISPANIC,,5.25321,0.005931,0.00112902,,34.138,,0.83,0.15,0.02,0.98,0.02,,0.83,0.15,0.02,0.98,0.02
265_,D21,ASIAN,,11.1858,0.00532187,0.000475771,,31.373,,0.83,0.15,0.02,0.98,0.02,,0.83,0.15,0.02,0.98,0.02
265_,D21,CAUCASIAN,,5.03074,0.0074236,0.00147565,,36.494,,0.83,0.15,0.02,0.98,0.02,,0.83,0.15,0.02,0.98,0.02
265_,D7,CAUCASIAN,,10.7931,0.0812397,0.00752698,,33.505,,0.794,0.186,0.02,0.98,0.02,,0.794,0.186,0.02,0.98,0.02
265_,D7,ASIAN,,6.27643,0.139702,0.0222581,,27.521,,0.794,0.186,0.02,0.98,0.02,,0.794,0.186,0.02,0.98,0.02
265_,D7,BLACK,,17.1083,0.0512526,0.00299578,,36.107,,0.794,0.186,0.02,0.98,0.02,,0.794,0.186,0.02,0.98,0.02
265_,D7,HISPANIC,,11.2862,0.0776905,0.00688367,,31.117,,0.794,0.186,0.02,0.98,0.02,,0.794,0.186,0.02,0.98,0.02
265_,CSF,CAUCASIAN,,0.560622,0.00562582,0.010035,,40.646,,0.7332,0.24,0.0268,0.98,0.02,,0.7332,0.24,0.0268,0.98,0.02
265_,CSF,ASIAN,,0.397472,0.00793502,0.0199637,,39.619,,0.7332,0.24,0.0268,0.98,0.02,,0.7332,0.24,0.0268,0.98,0.02
265_,CSF,HISPANIC,,0.432369,0.00729458,0.0168712,,39.7,,0.7332,0.24,0.0268,0.98,0.02,,0.7332,0.24,0.0268,0.98,0.02
265_,CSF,BLACK,,0.526533,0.00599004,0.0113764,,41.784,,0.7332,0.24,0.0268,0.98,0.02,,0.7332,0.24,0.0268,0.98,0.02
265_,D3,HISPANIC,,1.19087,0.133254,0.111897,,35.293,,0.8348,0.1452,0.02,0.98,0.02,,0.8348,0.1452,0.02,0.98,0.02
265_,D3,CAUCASIAN,,0.946698,0.0721934,0.0762581,,35.426,,0.8348,0.1452,0.02,0.98,0.02,,0.8348,0.1452,0.02,0.98,0.02
265_,D3,BLACK,,0.967807,0.116082,0.119943,,36.913,,0.8348,0.1452,0.02,0.98,0.02,,0.8348,0.1452,0.02,0.98,0.02
265_,D3,ASIAN,,1.06678,0.160038,0.15002,,34.302,,0.8348,0.1452,0.02,0.98,0.02,,0.8348,0.1452,0.02,0.98,0.02
265_,TH01,HISPANIC,,4.82015,0.0711787,0.0147669,,22.392,,0.8056,0.1744,0.02,0.98,0.02,,0.8056,0.1744,0.02,0.98,0.02
265_,TH01,BLACK,,2.14971,0.0885765,0.0412039,,27.329,,0.8056,0.1744,0.02,0.98,0.02,,0.8056,0.1744,0.02,0.98,0.02
265_,TH01,CAUCASIAN,,7.29888,0.0788137,0.0107981,,25.371,,0.8056,0.1744,0.02,0.98,0.02,,0.8056,0.1744,0.02,0.98,0.02
265_,TH01,ASIAN,,2.29213,0.352316,0.153707,,18.929,,0.8056,0.1744,0.02,0.98,0.02,,0.8056,0.1744,0.02,0.98,0.02
265_,D13,BLACK,,7.67584,0.225345,0.0293578,,26.739,,0.8196,0.1604,0.02,0.98,0.02,,0.8196,0.1604,0.02,0.98,0.02
265_,D13,CAUCASIAN,,13.3461,0.158771,0.0118964,,25.33,,0.8196,0.1604,0.02,0.98,0.02,,0.8196,0.1604,0.02,0.98,0.02
265_,D13,ASIAN,,35.2371,0.0446072,0.00126592,,21.334,,0.8196,0.1604,0.02,0.98,0.02,,0.8196,0.1604,0.02,0.98,0.02
265_,D13,HISPANIC,,10.9268,0.145746,0.0133384,,24.654,,0.8196,0.1604,0.02,0.98,0.02,,0.8196,0.1604,0.02,0.98,0.02
265_,D16,BLACK,,2.95076,0.00591727,0.00200533,,30.185,,0.7832,0.1968,0.02,0.98,0.02,,0.7832,0.1968,0.02,0.98,0.02
265_,D16,CAUCASIAN,,7.81821,0.0033234,0.000425084,,26.63,,0.7832,0.1968,0.02,0.98,0.02,,0.7832,0.1968,0.02,0.98,0.02
265_,D16,HISPANIC,,2.84162,0.006566,0.00231065,,24.781,,0.7832,0.1968,0.02,0.98,0.02,,0.7832,0.1968,0.02,0.98,0.02
265_,D16,ASIAN,,2.27746,0.00517562,0.00227254,,27.331,,0.7832,0.1968,0.02,0.98,0.02,,0.7832,0.1968,0.02,0.98,0.02
265_,D2,ASIAN,,39.7196,0.00272173,6.85235e-05,,16.315,,0.7652,0.2148,0.02,0.98,0.02,,0.7652,0.2148,0.02,0.98,0.02
265_,D2,HISPANIC,,8.15717,0.0021531,0.000263951,,17.936,,0.7652,0.2148,0.02,0.98,0.02,,0.7652,0.2148,0.02,0.98,0.02
265_,D2,BLACK,,10.9383,0.00107926,9.86681e-05,,24.1,,0.7652,0.2148,0.02,0.98,0.02,,0.7652,0.2148,0.02,0.98,0.02
265_,D2,CAUCASIAN,,6.77647,0.00315979,0.000466289,,19.773,,0.7652,0.2148,0.02,0.98,0.02,,0.7652,0.2148,0.02,0.98,0.02
265_,D19,BLACK,,30.9338,0.0615991,0.00199132,,28.056,,0.8288,0.1512,0.02,0.98,0.02,,0.8288,0.1512,0.02,0.98,0.02
265_,D19,CAUCASIAN,,51.9066,0.114621,0.00220821,,25.504,,0.8288,0.1512,0.02,0.98,0.02,,0.8288,0.1512,0.02,0.98,0.02
265_,D19,HISPANIC,,20.5231,0.114802,0.0055938,,24.145,,0.8288,0.1512,0.02,0.98,0.02,,0.8288,0.1512,0.02,0.98,0.02
265_,D19,ASIAN,,28.4887,0.101358,0.00355783,,22.869,,0.8288,0.1512,0.02,0.98,0.02,,0.8288,0.1512,0.02,0.98,0.02
265_,vWA,CAUCASIAN,,8.15947,0.00325143,0.000398486,,22.743,,0.8232,0.15,0.0268,0.98,0.02,,0.8232,0.15,0.0268,0.98,0.02
265_,vWA,BLACK,,6.12912,0.000920416,0.000150171,,28.844,,0.8232,0.15,0.0268,0.98,0.02,,0.8232,0.15,0.0268,0.98,0.02
265_,vWA,HISPANIC,,5.07218,0.00158752,0.000312986,,17.633,,0.8232,0.15,0.0268,0.98,0.02,,0.8232,0.15,0.0268,0.98,0.02
265_,vWA,ASIAN,,7.87184,0.006017,0.00076437,,31.052,,0.8232,0.15,0.0268,0.98,0.02,,0.8232,0.15,0.0268,0.98,0.02
265_,TPOX,CAUCASIAN,,3.13999,0.302777,0.0964259,,19.012,,0.794,0.186,0.02,0.98,0.02,,0.794,0.186,0.02,0.98,0.02
265_,TPOX,HISPANIC,,4.43454,0.174056,0.0392501,,16.974,,0.794,0.186,0.02,0.98,0.02,,0.794,0.186,0.02,0.98,0.02
265_,TPOX,ASIAN,,2.73624,0.246878,0.0902251,,15.064,,0.794,0.186,0.02,0.98,0.02,,0.794,0.186,0.02,0.98,0.02
265_,TPOX,BLACK,,3.24967,0.155227,0.0477672,,20.802,,0.794,0.186,0.02,0.98,0.02,,0.794,0.186,0.02,0.98,0.02
265_,D18,BLACK,,0.933672,4.1707e-05,4.46699e-05,,35.619,,0.8396,0.1404,0.02,0.98,0.02,,0.8396,0.1404,0.02,0.98,0.02
265_,D18,HISPANIC,,1.11763,9.21673e-05,8.24664e-05,,35.513,,0.8396,0.1404,0.02,0.98,0.02,,0.8396,0.1404,0.02,0.98,0.02
265_,D18,ASIAN,,1.13051,5.4338e-05,4.80652e-05,,33.081,,0.8396,0.1404,0.02,0.98,0.02,,0.8396,0.1404,0.02,0.98,0.02
265_,D18,CAUCASIAN,,1.15487,7.98026e-05,6.9101e-05,,37.507,,0.8396,0.1404,0.02,0.98,0.02,,0.8396,0.1404,0.02,0.98,0.02
265_,D5,CAUCASIAN,,4.24282,0.0186731,0.00440109,,35.079,,0.81,0.17,0.02,0.98,0.02,,0.81,0.17,0.02,0.98,0.02
265_,D5,BLACK,,5.055,0.0154046,0.0030474,,36.249,,0.81,0.17,0.02,0.98,0.02,,0.81,0.17,0.02,0.98,0.02
265_,D5,HISPANIC,,6.06409,0.0201407,0.00332131,,35.375,,0.81,0.17,0.02,0.98,0.02,,0.81,0.17,0.02,0.98,0.02
265_,D5,ASIAN,,2.21034,0.0259459,0.0117385,,33.362,,0.81,0.17,0.02,0.98,0.02,,0.81,0.17,0.02,0.98,0.02
265_,FGA,BLACK,,2.63955,0.00217106,0.000822511,,25.214,,0.7652,0.1944,0.0404,0.98,0.02,,0.7652,0.1944,0.0404,0.98,0.02
265_,FGA,CAUCASIAN,,3.36451,0.00216929,0.000644756,,25.071,,0.7652,0.1944,0.0404,0.98,0.02,,0.7652,0.1944,0.0404,0.98,0.02
265_,FGA,ASIAN,,2.45303,0.00211186,0.00086092,,24.752,,0.7652,0.1944,0.0404,0.98,0.02,,0.7652,0.1944,0.0404,0.98,0.02
265_,FGA,HISPANIC,,3.15268,0.00106551,0.00033797,,27.466,,0.7652,0.1944,0.0404,0.98,0.02,,0.7652,0.1944,0.0404,0.98,0.02
Overall:,15 Files,BLACK,,3.99594e+08,2.75296e-29,6.88939e-38,,561.418
Overall:,15 Files,CAUCASIAN,,1.77026e+10,8.72416e-28,4.92818e-38,,561.418
Overall:,15 Files,HISPANIC,,1.68937e+09,2.6869e-28,1.59047e-37,,561.418
Overall:,15 Files,ASIAN,,2.66269e+09,3.29032e-27,1.23571e-36,,561.418
266_,D8,ASIAN,,3.25566,0.031157,0.00957011,,33.499,,0.878,0.102,0.02,0.98,0.02,,0.878,0.102,0.02,0.98,0.02
266_,D8,BLACK,,3.32539,0.0139982,0.00420949,,36.914,,0.878,0.102,0.02,0.98,0.02,,0.878,0.102,0.02,0.98,0.02
266_,D8,CAUCASIAN,,5.43676,0.0199929,0.00367737,,36.085,,0.878,0.102,0.02,0.98,0.02,,0.878,0.102,0.02,0.98,0.02
266_,D8,HISPANIC,,4.60394,0.012641,0.0027457,,34.704,,0.878,0.102,0.02,0.98,0.02,,0.878,0.102,0.02,0.98,0.02
266_,D21,BLACK,,10.5017,0.000544837,5.18808e-05,,30.75,,0.83,0.15,0.02,0.98,0.02,,0.83,0.15,0.02,0.98,0.02
266_,D21,HISPANIC,,55.4295,0.000843078,1.52099e-05,,26.817,,0.83,0.15,0.02,0.98,0.02,,0.83,0.15,0.02,0.98,0.02
266_,D21,ASIAN,,43.6649,0.00126738,2.90252e-05,,23.281,,0.83,0.15,0.02,0.98,0.02,,0.83,0.15,0.02,0.98,0.02
266_,D21,CAUCASIAN,,60.7639,0.00104321,1.71682e-05,,29.106,,0.83,0.15,0.02,0.98,0.02,,0.83,0.15,0.02,0.98,0.02
266_,D7,BLACK,,22.5807,0.000524371,2.3222e-05,,34.347,,0.85,0.13,0.02,0.98,0.02,,0.85,0.13,0.02,0.98,0.02
266_,D7,ASIAN,,22.2716,0.000371083,1.66617e-05,,26.495,,0.85,0.13,0.02,0.98,0.02,,0.85,0.13,0.02,0.98,0.02
266_,D7,HISPANIC,,22.5646,0.000386288,1.71192e-05,,30.09,,0.85,0.13,0.02,0.98,0.02,,0.85,0.13,0.02,0.98,0.02
266_,D7,CAUCASIAN,,19.2188,0.000502524,2.61476e-05,,32.325,,0.85,0.13,0.02,0.98,0.02,,0.85,0.13,0.02,0.98,0.02
266_,CSF,BLACK,,3.18902,0.119237,0.0373898,,30.951,,0.736,0.24,0.024,0.98,0.02,,0.736,0.24,0.024,0.98,0.02
266_,CSF,ASIAN,,2.33337,0.160442,0.0687598,,21.316,,0.736,0.24,0.024,0.98,0.02,,0.736,0.24,0.024,0.98,0.02
266_,CSF,CAUCASIAN,,2.24882,0.163711,0.0727989,,29.053,,0.736,0.24,0.024,0.98,0.02,,0.736,0.24,0.024,0.98,0.02
266_,CSF,HISPANIC,,2.22668,0.164507,0.0738798,,26.826,,0.736,0.24,0.024,0.98,0.02,,0.736,0.24,0.024,0.98,0.02
266_,D3,ASIAN,,0.806997,0.00204582,0.0025351,,23.137,,0.874,0.106,0.02,0.98,0.02,,0.874,0.106,0.02,0.98,0.02
266_,D3,BLACK,,1.06461,0.00306629,0.00288019,,27.931,,0.874,0.106,0.02,0.98,0.02,,0.874,0.106,0.02,0.98,0.02
266_,D3,HISPANIC,,0.955909,0.00414383,0.00433496,,27.046,,0.874,0.106,0.02,0.98,0.02,,0.874,0.106,0.02,0.98,0.02
266_,D3,CAUCASIAN,,1.64611,0.00471329,0.0028633,,27.933,,0.874,0.106,0.02,0.98,0.02,,0.874,0.106,0.02,0.98,0.02
266_,TH01,BLACK,,9.91611,0.0332896,0.00335713,,44.04,,0.828,0.152,0.02,0.98,0.02,,0.828,0.152,0.02,0.98,0.02
266_,TH01,ASIAN,,6.4569,0.0608739,0.00942773,,36.022,,0.828,0.152,0.02,0.98,0.02,,0.828,0.152,0.02,0.98,0.02
266_,TH01,CAUCASIAN,,2.39314,0.136891,0.0572014,,41.138,,0.828,0.152,0.02,0.98,0.02,,0.828,0.152,0.02,0.98,0.02
266_,TH01,HISPANIC,,3.57978,0.125908,0.0351721,,39.687,,0.828,0.152,0.02,0.98,0.02,,0.828,0.152,0.02,0.98,0.02
266_,D13,BLACK,,6.87549,0.0469652,0.00683082,,38.762,,0.828,0.152,0.02,0.98,0.02,,0.828,0.152,0.02,0.98,0.02
266_,D13,HISPANIC,,2.56519,0.0290099,0.0113091,,38.07,,0.828,0.152,0.02,0.98,0.02,,0.828,0.152,0.02,0.98,0.02
266_,D13,ASIAN,,4.75725,0.00757048,0.00159136,,35.829,,0.828,0.152,0.02,0.98,0.02,,0.828,0.152,0.02,0.98,0.02
266_,D13,CAUCASIAN,,2.68753,0.0222861,0.00829241,,39.209,,0.828,0.152,0.02,0.98,0.02,,0.828,0.152,0.02,0.98,0.02
266_,D16,BLACK,,3.37026,0.0267593,0.00793983,,37.605,,0.786,0.194,0.02,0.98,0.02,,0.786,0.194,0.02,0.98,0.02
266_,D16,ASIAN,,4.83548,0.0233743,0.00483393,,32.63,,0.786,0.194,0.02,0.98,0.02,,0.786,0.194,0.02,0.98,0.02
266_,D16,HISPANIC,,3.59044,0.022177,0.00617668,,35.975,,0.786,0.194,0.02,0.98,0.02,,0.786,0.194,0.02,0.98,0.02
266_,D16,CAUCASIAN,,2.27136,0.0345099,0.0151935,,37.286,,0.786,0.194,0.02,0.98,0.02,,0.786,0.194,0.02,0.98,0.02
266_,D2,HISPANIC,,54.421,0.0129843,0.00023859,,31.607,,0.796,0.184,0.02,0.98,0.02,,0.796,0.184,0.02,0.98,0.02
266_,D2,ASIAN,,45.2874,0.0102246,0.000225771,,29.397,,0.796,0.184,0.02,0.98,0.02,,0.796,0.184,0.02,0.98,0.02
266_,D2,BLACK,,22.0457,0.0311494,0.00141295,,33.909,,0.796,0.184,0.02,0.98,0.02,,0.796,0.184,0.02,0.98,0.02
266_,D2,CAUCASIAN,,21.2174,0.00793579,0.000374023,,32.691,,0.796,0.184,0.02,0.98,0.02,,0.796,0.184,0.02,0.98,0.02
266_,D19,ASIAN,,4.56886,0.0778044,0.0170293,,26.794,,0.854,0.126,0.02,0.98,0.02,,0.854,0.126,0.02,0.98,0.02
266_,D19,HISPANIC,,10.3406,0.0295825,0.0028608,,29.25,,0.854,0.126,0.02,0.98,0.02,,0.854,0.126,0.02,0.98,0.02
266_,D19,BLACK,,4.52114,0.0160663,0.00355361,,31.926,,0.854,0.126,0.02,0.98,0.02,,0.854,0.126,0.02,0.98,0.02
266_,D19,CAUCASIAN,,4.8517,0.0122925,0.00253364,,30.467,,0.854,0.126,0.02,0.98,0.02,,0.854,0.126,0.02,0.98,0.02
266_,vWA,HISPANIC,,3.0605,0.13741,0.0448977,,29.519,,0.826,0.15,0.024,0.98,0.02,,0.826,0.15,0.024,0.98,0.02
266_,vWA,CAUCASIAN,,5.10232,0.141525,0.0277373,,31.338,,0.826,0.15,0.024,0.98,0.02,,0.826,0.15,0.024,0.98,0.02
266_,vWA,ASIAN,,5.95859,0.119401,0.0200385,,30.651,,0.826,0.15,0.024,0.98,0.02,,0.826,0.15,0.024,0.98,0.02
266_,vWA,BLACK,,3.50379,0.129987,0.0370991,,32.358,,0.826,0.15,0.024,0.98,0.02,,0.826,0.15,0.024,0.98,0.02
266_,TPOX,BLACK,,4.01926,0.00986393,0.00245417,,22.35,,0.85,0.13,0.02,0.98,0.02,,0.85,0.13,0.02,0.98,0.02
266_,TPOX,HISPANIC,,2.15202,0.042646,0.0198167,,18.923,,0.85,0.13,0.02,0.98,0.02,,0.85,0.13,0.02,0.98,0.02
266_,TPOX,CAUCASIAN,,1.18592,0.0331327,0.0279383,,20.822,,0.85,0.13,0.02,0.98,0.02,,0.85,0.13,0.02,0.98,0.02
266_,TPOX,ASIAN,,1.75677,0.0118027,0.00671839,,18.003,,0.85,0.13,0.02,0.98,0.02,,0.85,0.13,0.02,0.98,0.02
266_,D18,BLACK,,18.7312,0.00587645,0.000313726,,21.966,,0.848,0.132,0.02,0.98,0.02,,0.848,0.132,0.02,0.98,0.02
266_,D18,CAUCASIAN,,3.58469,0.00427374,0.00119222,,20.195,,0.848,0.132,0.02,0.98,0.02,,0.848,0.132,0.02,0.98,0.02
266_,D18,ASIAN,,3.08808,0.00357054,0.00115623,,17.174,,0.848,0.132,0.02,0.98,0.02,,0.848,0.132,0.02,0.98,0.02
266_,D18,HISPANIC,,5.41517,0.00517267,0.000955219,,19.875,,0.848,0.132,0.02,0.98,0.02,,0.848,0.132,0.02,0.98,0.02
266_,D5,BLACK,,2.67424,0.196036,0.0733055,,19.183,,0.81,0.17,0.02,0.98,0.02,,0.81,0.17,0.02,0.98,0.02
266_,D5,CAUCASIAN,,2.36583,0.217963,0.0921294,,18.672,,0.81,0.17,0.02,0.98,0.02,,0.81,0.17,0.02,0.98,0.02
266_,D5,ASIAN,,3.11287,0.166057,0.0533455,,25.446,,0.81,0.17,0.02,0.98,0.02,,0.81,0.17,0.02,0.98,0.02
266_,D5,HISPANIC,,2.24661,0.226587,0.100857,,28.842,,0.81,0.17,0.02,0.98,0.02,,0.81,0.17,0.02,0.98,0.02
266_,FGA,BLACK,,15.7901,0.041174,0.00260759,,22.817,,0.796,0.172,0.032,0.98,0.02,,0.796,0.172,0.032,0.98,0.02
266_,FGA,CAUCASIAN,,7.96483,0.0370442,0.00465098,,34.056,,0.796,0.172,0.032,0.98,0.02,,0.796,0.172,0.032,0.98,0.02
266_,FGA,HISPANIC,,6.9393,0.0384734,0.00554427,,33.672,,0.796,0.172,0.032,0.98,0.02,,0.796,0.172,0.032,0.98,0.02
266_,FGA,ASIAN,,10.6556,0.0665255,0.00624322,,31.067,,0.796,0.172,0.032,0.98,0.02,,0.796,0.172,0.032,0.98,0.02
Overall:,15 Files,BLACK,,6.82973e+11,1.8619e-27,2.72617e-39,,527.965
Overall:,15 Files,CAUCASIAN,,1.44461e+10,1.34397e-26,9.3033e-37,,527.965
Overall:,15 Files,HISPANIC,,1.26446e+11,2.30733e-26,1.82476e-37,,527.965
Overall:,15 Files,ASIAN,,1.96458e+11,2.29105e-27,1.16618e-38,,527.965
267_,D8,BLACK,,2.29595,1.3904e-06,6.05588e-07,,56.958,,0.71,0.26,0.03,0.98,0.02,,0.71,0.26,0.03,0.98,0.02
267_,D8,HISPANIC,,3.23345,2.03157e-06,6.28298e-07,,56.925,,0.71,0.26,0.03,0.98,0.02,,0.71,0.26,0.03,0.98,0.02
267_,D8,ASIAN,,2.2884,1.49955e-06,6.55284e-07,,56.888,,0.71,0.26,0.03,0.98,0.02,,0.71,0.26,0.03,0.98,0.02
267_,D8,CAUCASIAN,,3.64572,2.11289e-06,5.79555e-07,,57.017,,0.71,0.26,0.03,0.98,0.02,,0.71,0.26,0.03,0.98,0.02
267_,D21,BLACK,,5.54609,0.0230192,0.00415054,,32.877,,0.66,0.32,0.02,0.98,0.02,,0.66,0.32,0.02,0.98,0.02
267_,D21,CAUCASIAN,,8.38609,0.0104724,0.00124878,,28.256,,0.66,0.32,0.02,0.98,0.02,,0.66,0.32,0.02,0.98,0.02
267_,D21,HISPANIC,,8.71899,0.00962521,0.00110394,,22.71,,0.66,0.32,0.02,0.98,0.02,,0.66,0.32,0.02,0.98,0.02
267_,D21,ASIAN,,16.3261,0.00363585,0.000222701,,37.77,,0.66,0.32,0.02,0.98,0.02,,0.66,0.32,0.02,0.98,0.02
267_,D7,ASIAN,,4.42688,0.184303,0.0416328,,33.404,,0.54,0.41,0.05,0.97,0.03,,0.54,0.41,0.05,0.97,0.03
267_,D7,HISPANIC,,6.94161,0.117537,0.0169322,,34.329,,0.54,0.41,0.05,0.97,0.03,,0.54,0.41,0.05,0.97,0.03
267_,D7,CAUCASIAN,,6.70971,0.121599,0.0181229,,35.641,,0.54,0.41,0.05,0.97,0.03,,0.54,0.41,0.05,0.97,0.03
267_,CSF,HISPANIC,,1.86417,0.26003,0.139488,,29.946,,0.59,0.33,0.08,0.9,0.1,,0.59,0.33,0.08,0.9,0.1
267_,CSF,ASIAN,,2.0887,0.247253,0.118376,,29.84,,0.59,0.33,0.08,0.9,0.1,,0.59,0.33,0.08,0.9,0.1
267_,CSF,CAUCASIAN,,2.16111,0.234734,0.108617,,30.057,,0.59,0.33,0.08,0.9,0.1,,0.59,0.33,0.08,0.9,0.1
267_,D3,CAUCASIAN,,2.07268,0.00135708,0.000654744,,20.881,,0.6,0.36,0.04,0.96,0.04,,0.6,0.36,0.04,0.96,0.04
267_,D3,BLACK,,2.34033,0.00193011,0.000824718,,22.769,,0.6,0.36,0.04,0.96,0.04,,0.6,0.36,0.04,0.96,0.04
267_,D3,ASIAN,,2.84432,0.00238386,0.000838112,,16.348,,0.6,0.36,0.04,0.96,0.04,,0.6,0.36,0.04,0.96,0.04
267_,D3,HISPANIC,,3.12148,0.00208974,0.000669473,,18.917,,0.6,0.36,0.04,0.96,0.04,,0.6,0.36,0.04,0.96,0.04
267_,TH01,CAUCASIAN,,5.31042,0.000543164,0.000102283,,24.369,,0.64,0.34,0.02,0.95,0.05,,0.64,0.34,0.02,0.95,0.05
267_,TH01,BLACK,,2.12792,0.000589299,0.000276937,,26.824,,0.64,0.34,0.02,0.95,0.05,,0.64,0.34,0.02,0.95,0.05
267_,TH01,HISPANIC,,3.5396,0.00055924,0.000157995,,21.418,,0.64,0.34,0.02,0.95,0.05,,0.64,0.34,0.02,0.95,0.05
267_,TH01,ASIAN,,3.74421,0.00072804,0.000194444,,24.026,,0.64,0.34,0.02,0.95,0.05,,0.64,0.34,0.02,0.95,0.05
267_,D13,HISPANIC,,0.46596,0.00203875,0.00437539,,17.687,,0.66,0.32,0.02,0.98,0.02,,0.66,0.32,0.02,0.98,0.02
267_,D13,BLACK,,0.223801,0.00424475,0.0189667,,26.344,,0.66,0.32,0.02,0.98,0.02,,0.66,0.32,0.02,0.98,0.02
267_,D13,CAUCASIAN,,0.36917,0.00257328,0.00697046,,21.837,,0.66,0.32,0.02,0.98,0.02,,0.66,0.32,0.02,0.98,0.02
267_,D13,ASIAN,,0.547988,0.00173357,0.00316352,,24.404,,0.66,0.32,0.02,0.98,0.02,,0.66,0.32,0.02,0.98,0.02
267_,D16,ASIAN,,2.89886,0.257816,0.088937,,23.252,,0.51,0.47,0.02,0.85,0.15,,0.51,0.47,0.02,0.85,0.15
267_,D16,BLACK,,3.40093,0.230498,0.0677748,,31.52,,0.51,0.47,0.02,0.85,0.15,,0.51,0.47,0.02,0.85,0.15
267_,D16,HISPANIC,,3.36392,0.232167,0.0690168,,24.801,,0.51,0.47,0.02,0.85,0.15,,0.51,0.47,0.02,0.85,0.15
267_,D16,CAUCASIAN,,5.65785,0.176765,0.0312425,,27.414,,0.51,0.47,0.02,0.85,0.15,,0.51,0.47,0.02,0.85,0.15
267_,D2,BLACK,,1,1,1,,15.825,,0.51,0.37,0.12,0.8,0.2,,0.51,0.37,0.12,0.8,0.2
267_,D2,CAUCASIAN,,1,1,1,,13.612,,0.51,0.37,0.12,0.8,0.2,,0.51,0.37,0.12,0.8,0.2
267_,D2,HISPANIC,,1,1,1,,13.615,,0.51,0.37,0.12,0.8,0.2,,0.51,0.37,0.12,0.8,0.2
267_,D2,ASIAN,,1,1,1,,15.614,,0.51,0.37,0.12,0.8,0.2,,0.51,0.37,0.12,0.8,0.2
267_,D19,CAUCASIAN,,35.0583,1.44144e-05,4.11155e-07,,24.932,,0.63,0.32,0.05,0.97,0.03,,0.63,0.32,0.05,0.97,0.03
267_,D19,BLACK,,20.9752,7.39335e-06,3.52481e-07,,26.927,,0.63,0.32,0.05,0.97,0.03,,0.63,0.32,0.05,0.97,0.03
267_,D19,HISPANIC,,15.3499,9.32314e-06,6.07373e-07,,24.437,,0.63,0.32,0.05,0.97,0.03,,0.63,0.32,0.05,0.97,0.03
267_,D19,ASIAN,,20.9527,8.21869e-06,3.92249e-07,,21.239,,0.63,0.32,0.05,0.97,0.03,,0.63,0.32,0.05,0.97,0.03
267_,vWA,BLACK,,0.590066,1.56621e-07,2.6543e-07,,29.142,,0.57,0.38,0.05,0.97,0.03,,0.57,0.38,0.05,0.97,0.03
267_,vWA,CAUCASIAN,,0.300153,3.60271e-07,1.20029e-06,,39.551,,0.57,0.38,0.05,0.97,0.03,,0.57,0.38,0.05,0.97,0.03
267_,vWA,HISPANIC,,0.429746,2.90022e-07,6.74868e-07,,36.322,,0.57,0.38,0.05,0.97,0.03,,0.57,0.38,0.05,0.97,0.03
267_,vWA,ASIAN,,0.282482,7.78355e-07,2.75541e-06,,36.176,,0.57,0.38,0.05,0.97,0.03,,0.57,0.38,0.05,0.97,0.03
267_,TPOX,CAUCASIAN,,0.926107,0.000848546,0.000916251,,17.977,,0.67,0.26,0.07,0.9,0.1,,0.67,0.26,0.07,0.9,0.1
267_,TPOX,BLACK,,1.72274,0.000512442,0.000297457,,20.089,,0.67,0.26,0.07,0.9,0.1,,0.67,0.26,0.07,0.9,0.1
267_,TPOX,ASIAN,,1.11172,0.00085386,0.000768054,,15.258,,0.67,0.26,0.07,0.9,0.1,,0.67,0.26,0.07,0.9,0.1

267_,D18,BLACK,,1.76096,0.0048334,0.00274476,,26.53,,0.58,0.31,0.11,0.98,0.02,,0.58,0.31,0.11,0.98,0.02
267_,D18,CAUCASIAN,,2.67705,0.00317955,0.0011877,,23.602,,0.58,0.31,0.11,0.98,0.02,,0.58,0.31,0.11,0.98,0.02
267_,D18,HISPANIC,,2.48467,0.00342569,0.00137873,,19.525,,0.58,0.31,0.11,0.98,0.02,,0.58,0.31,0.11,0.98,0.02
267_,D18,ASIAN,,1.98882,0.00427965,0.00215185,,32.805,,0.58,0.31,0.11,0.98,0.02,,0.58,0.31,0.11,0.98,0.02
267_,D5,BLACK,,8.6232,0.00213536,0.000247629,,21.962,,0.65,0.33,0.02,0.98,0.02,,0.65,0.33,0.02,0.98,0.02
267_,D5,CAUCASIAN,,7.28608,0.00237183,0.000325529,,25.288,,0.65,0.33,0.02,0.98,0.02,,0.65,0.33,0.02,0.98,0.02
267_,D5,HISPANIC,,10.499,0.00241316,0.000229846,,23.212,,0.65,0.33,0.02,0.98,0.02,,0.65,0.33,0.02,0.98,0.02
267_,D5,ASIAN,,3.73797,0.00173517,0.000464199,,21.1,,0.65,0.33,0.02,0.98,0.02,,0.65,0.33,0.02,0.98,0.02
267_,FGA,BLACK,,3.05329,0.00192145,0.000629302,,21.364,,0.59,0.31,0.1,0.98,0.02,,0.59,0.31,0.1,0.98,0.02
267_,FGA,CAUCASIAN,,3.94071,0.00203491,0.000516382,,21.204,,0.59,0.31,0.1,0.98,0.02,,0.59,0.31,0.1,0.98,0.02
267_,FGA,HISPANIC,,3.58049,0.000961183,0.00026845,,22.499,,0.59,0.31,0.1,0.98,0.02,,0.59,0.31,0.1,0.98,0.02
267_,FGA,ASIAN,,2.95702,0.00177905,0.000601636,,22.257,,0.59,0.31,0.1,0.98,0.02,,0.59,0.31,0.1,0.98,0.02
Overall:,15 Files,BLACK,,892849,8.9768e-42,1.00541e-47,,589.69
Overall:,15 Files,CAUCASIAN,,7.63451e+06,1.432e-41,1.87569e-48,,589.69
Overall:,15 Files,HISPANIC,,6.43097e+06,5.35287e-42,8.32358e-49,,589.69
Overall:,15 Files,ASIAN,,845356,1.3907e-41,1.64511e-47,,589.69
268_,D8,CAUCASIAN,,0.386608,4.47725e-06,1.15809e-05,,31.727,,0.37,0.46,0.17,0.97,0.03,,0.37,0.46,0.17,0.97,0.03
268_,D8,HISPANIC,,0.438349,4.13702e-06,9.43773e-06,,28.374,,0.37,0.46,0.17,0.97,0.03,,0.37,0.46,0.17,0.97,0.03
268_,D8,BLACK,,0.47994,2.13599e-06,4.45053e-06,,33.512,,0.37,0.46,0.17,0.97,0.03,,0.37,0.46,0.17,0.97,0.03
268_,D8,ASIAN,,0.826776,7.12228e-06,8.61452e-06,,23.892,,0.37,0.46,0.17,0.97,0.03,,0.37,0.46,0.17,0.97,0.03
268_,D21,CAUCASIAN,,1.46661,0.000563341,0.000384111,,30.043,,0.31,0.5,0.19,0.76,0.24,,0.31,0.5,0.19,0.76,0.24
268_,D21,BLACK,,5.53454,0.000447748,8.09007e-05,,32.688,,0.31,0.5,0.19,0.76,0.24,,0.31,0.5,0.19,0.76,0.24
268_,D21,HISPANIC,,1.31676,0.000584094,0.000443584,,25.203,,0.31,0.5,0.19,0.76,0.24,,0.31,0.5,0.19,0.76,0.24
268_,D21,ASIAN,,1.56212,0.000780362,0.000499553,,30.355,,0.31,0.5,0.19,0.76,0.24,,0.31,0.5,0.19,0.76,0.24
268_,D7,CAUCASIAN,,2.92142,0.0066396,0.00227273,,27.513,,0.32,0.35,0.33,0.73,0.27,,0.32,0.35,0.33,0.73,0.27
268_,D7,BLACK,,2.10083,0.00523456,0.00249167,,31.128,,0.32,0.35,0.33,0.73,0.27,,0.32,0.35,0.33,0.73,0.27
268_,D7,ASIAN,,8.01774,0.00867822,0.00108238,,23.457,,0.32,0.35,0.33,0.73,0.27,,0.32,0.35,0.33,0.73,0.27
268_,D7,HISPANIC,,3.29077,0.00647378,0.00196725,,27.579,,0.32,0.35,0.33,0.73,0.27,,0.32,0.35,0.33,0.73,0.27
268_,CSF,BLACK,,2.32688,0.262961,0.11301,,24.602,,0.32,0.5,0.18,0.71,0.29,,0.32,0.5,0.18,0.71,0.29
268_,CSF,CAUCASIAN,,1.7871,0.296948,0.166162,,22.757,,0.32,0.5,0.18,0.71,0.29,,0.32,0.5,0.18,0.71,0.29
268_,CSF,HISPANIC,,1.9524,0.283418,0.145164,,20.35,,0.32,0.5,0.18,0.71,0.29,,0.32,0.5,0.18,0.71,0.29
268_,CSF,ASIAN,,2.07575,0.275437,0.132692,,17.251,,0.32,0.5,0.18,0.71,0.29,,0.32,0.5,0.18,0.71,0.29
268_,D3,HISPANIC,,1.21132,0.00711391,0.00587284,,26.132,,0.38,0.5,0.12,0.77,0.23,,0.38,0.5,0.12,0.77,0.23
268_,D3,BLACK,,1.35846,0.00685933,0.00504935,,31.937,,0.38,0.5,0.12,0.77,0.23,,0.38,0.5,0.12,0.77,0.23
268_,D3,CAUCASIAN,,1.92107,0.00552989,0.00287855,,32.865,,0.38,0.5,0.12,0.77,0.23,,0.38,0.5,0.12,0.77,0.23
268_,D3,ASIAN,,1.10017,0.00841165,0.00764577,,27.693,,0.38,0.5,0.12,0.77,0.23,,0.38,0.5,0.12,0.77,0.23
268_,TH01,BLACK,,2.71964,0.0198266,0.00729015,,21.786,,0.41,0.47,0.12,0.88,0.12,,0.41,0.47,0.12,0.88,0.12
268_,TH01,CAUCASIAN,,8.74002,0.0090367,0.00103394,,19.56,,0.41,0.47,0.12,0.88,0.12,,0.41,0.47,0.12,0.88,0.12
268_,TH01,HISPANIC,,6.38546,0.0110715,0.00173387,,16.826,,0.41,0.47,0.12,0.88,0.12,,0.41,0.47,0.12,0.88,0.12
268_,TH01,ASIAN,,10.6639,0.00973054,0.000912472,,16.192,,0.41,0.47,0.12,0.88,0.12,,0.41,0.47,0.12,0.88,0.12
268_,D13,BLACK,,6.50842,0.0211171,0.00324458,,28.221,,0.31,0.46,0.23,0.95,0.05,,0.31,0.46,0.23,0.95,0.05
268_,D13,CAUCASIAN,,6.09376,0.0178114,0.0029229,,24.163,,0.31,0.46,0.23,0.95,0.05,,0.31,0.46,0.23,0.95,0.05
268_,D13,HISPANIC,,2.10499,0.0181447,0.00861986,,19.15,,0.31,0.46,0.23,0.95,0.05,,0.31,0.46,0.23,0.95,0.05
268_,D13,ASIAN,,1.2252,0.0136318,0.0111262,,26.662,,0.31,0.46,0.23,0.95,0.05,,0.31,0.46,0.23,0.95,0.05
268_,D16,HISPANIC,,4.14529,0.0148154,0.00357402,,16.335,,0.41,0.27,0.32,0.78,0.22,,0.41,0.27,0.32,0.78,0.22
268_,D16,CAUCASIAN,,3.57975,0.00883893,0.00246915,,18.045,,0.41,0.27,0.32,0.78,0.22,,0.41,0.27,0.32,0.78,0.22
268_,D16,BLACK,,3.58567,0.0135764,0.00378631,,20.933,,0.41,0.27,0.32,0.78,0.22,,0.41,0.27,0.32,0.78,0.22
268_,D16,ASIAN,,3.87382,0.0169227,0.00436849,,23.857,,0.41,0.27,0.32,0.78,0.22,,0.41,0.27,0.32,0.78,0.22
268_,D2,BLACK,,4.28602,0.00179154,0.000417995,,22.649,,0.26,0.5,0.24,0.84,0.16,,0.26,0.5,0.24,0.84,0.16
268_,D2,CAUCASIAN,,3.31501,0.00213953,0.000645408,,18.821,,0.26,0.5,0.24,0.84,0.16,,0.26,0.5,0.24,0.84,0.16
268_,D2,HISPANIC,,2.21248,0.00283348,0.00128068,,16.441,,0.26,0.5,0.24,0.84,0.16,,0.26,0.5,0.24,0.84,0.16
268_,D2,ASIAN,,6.04434,0.0019075,0.000315584,,15.889,,0.26,0.5,0.24,0.84,0.16,,0.26,0.5,0.24,0.84,0.16
268_,D19,BLACK,,3.79213,6.07817e-06,1.60284e-06,,35.561,,0.37,0.42,0.21,0.91,0.09,,0.37,0.42,0.21,0.91,0.09
268_,D19,CAUCASIAN,,1.07611,7.9723e-06,7.40841e-06,,35.194,,0.37,0.42,0.21,0.91,0.09,,0.37,0.42,0.21,0.91,0.09
268_,D19,ASIAN,,2.70136,3.23495e-06,1.19752e-06,,29.103,,0.37,0.42,0.21,0.91,0.09,,0.37,0.42,0.21,0.91,0.09
268_,D19,HISPANIC,,2.03609,6.14343e-06,3.01726e-06,,32.912,,0.37,0.42,0.21,0.91,0.09,,0.37,0.42,0.21,0.91,0.09
268_,vWA,HISPANIC,,1.40281,0.000336048,0.000239553,,22.015,,0.35,0.43,0.22,0.88,0.12,,0.35,0.43,0.22,0.88,0.12
268_,vWA,BLACK,,0.816958,0.000401039,0.000490893,,23.785,,0.35,0.43,0.22,0.88,0.12,,0.35,0.43,0.22,0.88,0.12
268_,vWA,CAUCASIAN,,1.46846,0.000435657,0.000296676,,23.609,,0.35,0.43,0.22,0.88,0.12,,0.35,0.43,0.22,0.88,0.12
268_,vWA,ASIAN,,6.01883,0.000656615,0.000109093,,19.924,,0.35,0.43,0.22,0.88,0.12,,0.35,0.43,0.22,0.88,0.12
268_,TPOX,CAUCASIAN,,1.91085,0.104273,0.0545688,,24.192,,0.43,0.5,0.07,0.78,0.22,,0.43,0.5,0.07,0.78,0.22
268_,TPOX,BLACK,,4.22161,0.0472866,0.0112011,,28.095,,0.43,0.5,0.07,0.78,0.22,,0.43,0.5,0.07,0.78,0.22
268_,TPOX,HISPANIC,,2.95991,0.0673441,0.022752,,19.493,,0.43,0.5,0.07,0.78,0.22,,0.43,0.5,0.07,0.78,0.22
268_,TPOX,ASIAN,,2.45282,0.0812446,0.0331229,,28.566,,0.43,0.5,0.07,0.78,0.22,,0.43,0.5,0.07,0.78,0.22
268_,D18,CAUCASIAN,,17.3834,0.00237044,0.000136362,,17.63,,0.37,0.47,0.16,0.73,0.27,,0.37,0.47,0.16,0.73,0.27
268_,D18,HISPANIC,,15.3364,0.00263738,0.000171969,,15.738,,0.37,0.47,0.16,0.73,0.27,,0.37,0.47,0.16,0.73,0.27
268_,D18,BLACK,,10.611,0.00264113,0.000248904,,19.713,,0.37,0.47,0.16,0.73,0.27,,0.37,0.47,0.16,0.73,0.27
268_,D18,ASIAN,,39.163,0.00217285,5.54821e-05,,27.799,,0.37,0.47,0.16,0.73,0.27,,0.37,0.47,0.16,0.73,0.27
268_,D5,BLACK,,0.756635,0.0179392,0.0237092,,32.752,,0.45,0.5,0.05,0.91,0.09,,0.45,0.5,0.05,0.91,0.09
268_,D5,CAUCASIAN,,0.685508,0.0192108,0.0280242,,36.219,,0.45,0.5,0.05,0.91,0.09,,0.45,0.5,0.05,0.91,0.09
268_,D5,ASIAN,,0.830288,0.015909,0.0191608,,32.557,,0.45,0.5,0.05,0.91,0.09,,0.45,0.5,0.05,0.91,0.09
268_,D5,HISPANIC,,0.653836,0.0196471,0.0300489,,34.729,,0.45,0.5,0.05,0.91,0.09,,0.45,0.5,0.05,0.91,0.09
268_,FGA,ASIAN,,9.46631,0.000126972,1.3413e-05,,20.42,,0.34,0.39,0.27,0.81,0.19,,0.34,0.39,0.27,0.81,0.19
268_,FGA,CAUCASIAN,,6.41706,6.3157e-05,9.84205e-06,,23.822,,0.34,0.39,0.27,0.81,0.19,,0.34,0.39,0.27,0.81,0.19
268_,FGA,HISPANIC,,3.82852,6.9746e-05,1.82175e-05,,22.458,,0.34,0.39,0.27,0.81,0.19,,0.34,0.39,0.27,0.81,0.19
268_,FGA,BLACK,,4.5581,8.63891e-05,1.89529e-05,,24.344,,0.34,0.39,0.27,0.81,0.19,,0.34,0.39,0.27,0.81,0.19
Overall:,15 Files,BLACK,,2.29657e+06,4.33841e-41,1.88908e-47,,529.75
Overall:,15 Files,CAUCASIAN,,829925,8.7186e-41,1.05053e-46,,529.75
Overall:,15 Files,HISPANIC,,179734,1.33646e-40,7.43577e-46,,529.75
Overall:,15 Files,ASIAN,,8.88076e+07,3.62432e-40,4.08109e-48,,529.75
269_,D8,BLACK,,2.55618,0.0196801,0.00769903,,19.403,,0.8636,0.1164,0.02,0.98,0.02,,0.8636,0.1164,0.02,0.98,0.02
269_,D8,CAUCASIAN,,1.95829,0.0453174,0.0231414,,22.408,,0.8636,0.1164,0.02,0.98,0.02,,0.8636,0.1164,0.02,0.98,0.02
269_,D8,HISPANIC,,2.24146,0.0345408,0.01541,,26.085,,0.8636,0.1164,0.02,0.98,0.02,,0.8636,0.1164,0.02,0.98,0.02
269_,D8,ASIAN,,3.84535,0.0794325,0.0206568,,23.868,,0.8636,0.1164,0.02,0.98,0.02,,0.8636,0.1164,0.02,0.98,0.02
269_,D21,BLACK,,0.161444,0.00155944,0.00965932,,43.529,,0.83,0.15,0.02,0.98,0.02,,0.83,0.15,0.02,0.98,0.02
269_,D21,HISPANIC,,0.110794,0.00240093,0.0216702,,36.299,,0.83,0.15,0.02,0.98,0.02,,0.83,0.15,0.02,0.98,0.02
269_,D21,CAUCASIAN,,0.0796973,0.00264292,0.033162,,40.927,,0.83,0.15,0.02,0.98,0.02,,0.83,0.15,0.02,0.98,0.02
269_,D21,ASIAN,,0.0803579,0.00371105,0.0461815,,34.684,,0.83,0.15,0.02,0.98,0.02,,0.83,0.15,0.02,0.98,0.02
269_,D7,BLACK,,1.02376,7.09534e-05,6.93069e-05,,37.597,,0.814,0.166,0.02,0.98,0.02,,0.814,0.166,0.02,0.98,0.02
269_,D7,CAUCASIAN,,1.44838,6.7954e-05,4.69172e-05,,37.664,,0.814,0.166,0.02,0.98,0.02,,0.814,0.166,0.02,0.98,0.02
269_,D7,HISPANIC,,1.6037,5.22542e-05,3.25836e-05,,35.998,,0.814,0.166,0.02,0.98,0.02,,0.814,0.166,0.02,0.98,0.02
269_,D7,ASIAN,,3.54607,5.01544e-05,1.41436e-05,,35.462,,0.814,0.166,0.02,0.98,0.02,,0.814,0.166,0.02,0.98,0.02
269_,CSF,BLACK,,0.422307,0.00230942,0.00546859,,34.792,,0.7342,0.24,0.0258,0.98,0.02,,0.7342,0.24,0.0258,0.98,0.02
269_,CSF,CAUCASIAN,,0.29959,0.00231568,0.00772948,,34.119,,0.7342,0.24,0.0258,0.98,0.02,,0.7342,0.24,0.0258,0.98,0.02
269_,CSF,HISPANIC,,0.294306,0.00288815,0.00981344,,32.395,,0.7342,0.24,0.0258,0.98,0.02,,0.7342,0.24,0.0258,0.98,0.02
269_,CSF,ASIAN,,0.306179,0.00308685,0.0100818,,29.773,,0.7342,0.24,0.0258,0.98,0.02,,0.7342,0.24,0.0258,0.98,0.02
269_,D3,CAUCASIAN,,1.61088,0.00505884,0.00314042,,30.041,,0.8488,0.1312,0.02,0.98,0.02,,0.8488,0.1312,0.02,0.98,0.02
269_,D3,ASIAN,,0.779964,0.00212597,0.00272573,,24.199,,0.8488,0.1312,0.02,0.98,0.02,,0.8488,0.1312,0.02,0.98,0.02
269_,D3,BLACK,,1.03513,0.00324074,0.00313074,,31.381,,0.8488,0.1312,0.02,0.98,0.02,,0.8488,0.1312,0.02,0.98,0.02
269_,D3,HISPANIC,,0.926253,0.00431401,0.00465749,,27.626,,0.8488,0.1312,0.02,0.98,0.02,,0.8488,0.1312,0.02,0.98,0.02
269_,TH01,HISPANIC,,1.94178,0.00195834,0.00100853,,31.584,,0.8136,0.1664,0.02,0.98,0.02,,0.8136,0.1664,0.02,0.98,0.02
269_,TH01,CAUCASIAN,,2.77692,0.00229622,0.000826896,,34.503,,0.8136,0.1664,0.02,0.98,0.02,,0.8136,0.1664,0.02,0.98,0.02
269_,TH01,ASIAN,,3.89447,0.000172895,4.43949e-05,,29.318,,0.8136,0.1664,0.02,0.98,0.02,,0.8136,0.1664,0.02,0.98,0.02
269_,TH01,BLACK,,0.743098,0.000346932,0.000466872,,36.212,,0.8136,0.1664,0.02,0.98,0.02,,0.8136,0.1664,0.02,0.98,0.02
269_,D13,CAUCASIAN,,0.224696,0.00010074,0.00044834,,30.601,,0.8226,0.1574,0.02,0.98,0.02,,0.8226,0.1574,0.02,0.98,0.02
269_,D13,HISPANIC,,0.102921,0.000131212,0.00127488,,27.608,,0.8226,0.1574,0.02,0.98,0.02,,0.8226,0.1574,0.02,0.98,0.02
269_,D13,BLACK,,0.153502,0.000212499,0.00138434,,32.704,,0.8226,0.1574,0.02,0.98,0.02,,0.8226,0.1574,0.02,0.98,0.02
269_,D13,ASIAN,,0.0538245,3.4207e-05,0.000635529,,29.857,,0.8226,0.1574,0.02,0.98,0.02,,0.8226,0.1574,0.02,0.98,0.02
269_,D16,BLACK,,9.46253,0.0926633,0.00979266,,34.835,,0.7842,0.1958,0.02,0.98,0.02,,0.7842,0.1958,0.02,0.98,0.02
269_,D16,CAUCASIAN,,8.92946,0.0981951,0.0109968,,31.238,,0.7842,0.1958,0.02,0.98,0.02,,0.7842,0.1958,0.02,0.98,0.02
269_,D16,HISPANIC,,11.6111,0.0755165,0.00650379,,25.357,,0.7842,0.1958,0.02,0.98,0.02,,0.7842,0.1958,0.02,0.98,0.02
269_,D16,ASIAN,,10.6842,0.0820683,0.0076813,,20.749,,0.7842,0.1958,0.02,0.98,0.02,,0.7842,0.1958,0.02,0.98,0.02
269_,D2,CAUCASIAN,,0.00353051,2.16747e-06,0.000613926,,41.285,,0.7762,0.2038,0.02,0.98,0.02,,0.7762,0.2038,0.02,0.98,0.02
269_,D2,BLACK,,0.00228799,5.9346e-06,0.00259381,,43.078,,0.7762,0.2038,0.02,0.98,0.02,,0.7762,0.2038,0.02,0.98,0.02
269_,D2,HISPANIC,,0.00355492,2.88643e-06,0.000811954,,40.941,,0.7762,0.2038,0.02,0.98,0.02,,0.7762,0.2038,0.02,0.98,0.02
269_,D2,ASIAN,,0.00291567,3.22251e-06,0.00110524,,36.986,,0.7762,0.2038,0.02,0.98,0.02,,0.7762,0.2038,0.02,0.98,0.02
269_,D19,BLACK,,7.19332,0.00198923,0.000276539,,22.782,,0.8378,0.1422,0.02,0.98,0.02,,0.8378,0.1422,0.02,0.98,0.02
269_,D19,HISPANIC,,5.51058,0.00391381,0.000710235,,19.947,,0.8378,0.1422,0.02,0.98,0.02,,0.8378,0.1422,0.02,0.98,0.02
269_,D19,ASIAN,,6.07143,0.0097436,0.00160483,,19.772,,0.8378,0.1422,0.02,0.98,0.02,,0.8378,0.1422,0.02,0.98,0.02
269_,D19,CAUCASIAN,,2.82748,0.00159072,0.000562592,,21.495,,0.8378,0.1422,0.02,0.98,0.02,,0.8378,0.1422,0.02,0.98,0.02
269_,vWA,BLACK,,2.08906,0.0178406,0.00853999,,40.577,,0.8242,0.15,0.0258,0.98,0.02,,0.8242,0.15,0.0258,0.98,0.02
269_,vWA,HISPANIC,,2.85706,0.0183579,0.00642544,,32.22,,0.8242,0.15,0.0258,0.98,0.02,,0.8242,0.15,0.0258,0.98,0.02
269_,vWA,CAUCASIAN,,4.618,0.0189997,0.00411426,,37.669,,0.8242,0.15,0.0258,0.98,0.02,,0.8242,0.15,0.0258,0.98,0.02
269_,vWA,ASIAN,,13.193,0.0155504,0.00117869,,26.38,,0.8242,0.15,0.0258,0.98,0.02,,0.8242,0.15,0.0258,0.98,0.02
269_,TPOX,BLACK,,0.715409,1.17585e-05,1.64361e-05,,50.015,,0.814,0.166,0.02,0.98,0.02,,0.814,0.166,0.02,0.98,0.02
269_,TPOX,CAUCASIAN,,0.33985,1.04329e-05,3.06987e-05,,48.09,,0.814,0.166,0.02,0.98,0.02,,0.814,0.166,0.02,0.98,0.02
269_,TPOX,HISPANIC,,0.408789,2.33387e-05,5.70922e-05,,44.599,,0.814,0.166,0.02,0.98,0.02,,0.814,0.166,0.02,0.98,0.02
269_,TPOX,ASIAN,,0.512746,3.85988e-06,7.52786e-06,,43.25,,0.814,0.166,0.02,0.98,0.02,,0.814,0.166,0.02,0.98,0.02
269_,D18,CAUCASIAN,,8.27137,0.000619337,7.48773e-05,,43.634,,0.8426,0.1374,0.02,0.98,0.02,,0.8426,0.1374,0.02,0.98,0.02
269_,D18,BLACK,,4.79027,0.000983202,0.00020525,,44.937,,0.8426,0.1374,0.02,0.98,0.02,,0.8426,0.1374,0.02,0.98,0.02
269_,D18,ASIAN,,17.1005,0.000561542,3.28377e-05,,38.157,,0.8426,0.1374,0.02,0.98,0.02,,0.8426,0.1374,0.02,0.98,0.02
269_,D18,HISPANIC,,7.30431,0.000646097,8.84543e-05,,41.449,,0.8426,0.1374,0.02,0.98,0.02,,0.8426,0.1374,0.02,0.98,0.02
269_,D5,BLACK,,2.67424,0.196036,0.0733055,,38.611,,0.81,0.17,0.02,0.98,0.02,,0.81,0.17,0.02,0.98,0.02
269_,D5,CAUCASIAN,,2.36583,0.217963,0.0921294,,33.833,,0.81,0.17,0.02,0.98,0.02,,0.81,0.17,0.02,0.98,0.02
269_,D5,ASIAN,,3.11287,0.166057,0.0533455,,28.24,,0.81,0.17,0.02,0.98,0.02,,0.81,0.17,0.02,0.98,0.02
269_,D5,HISPANIC,,2.24661,0.226587,0.100857,,30.472,,0.81,0.17,0.02,0.98,0.02,,0.81,0.17,0.02,0.98,0.02
269_,FGA,HISPANIC,,2.43624,0.000487466,0.00020009,,19.146,,0.7762,0.1864,0.0374,0.98,0.02,,0.7762,0.1864,0.0374,0.98,0.02
269_,FGA,BLACK,,2.96671,0.000211266,7.12122e-05,,22.631,,0.7762,0.1864,0.0374,0.98,0.02,,0.7762,0.1864,0.0374,0.98,0.02
269_,FGA,CAUCASIAN,,3.72724,0.000479008,0.000128515,,22.463,,0.7762,0.1864,0.0374,0.98,0.02,,0.7762,0.1864,0.0374,0.98,0.02
269_,FGA,ASIAN,,4.96226,0.000329321,6.63651e-05,,19.382,,0.7762,0.1864,0.0374,0.98,0.02,,0.7762,0.1864,0.0374,0.98,0.02
Overall:,15 Files,BLACK,,0.186349,1.12274e-44,6.02489e-44,,622.385
Overall:,15 Files,CAUCASIAN,,0.694555,9.57092e-44,1.37799e-43,,622.385
Overall:,15 Files,HISPANIC,,0.230436,3.61887e-43,1.57044e-42,,622.385
Overall:,15 Files,ASIAN,,18.5376,2.72544e-45,1.47022e-46,,622.385
270_,D8,BLACK,,6.38745,0.00447409,0.00070045,,44.024,,0.9264,0.0536,0.02,0.98,0.02,,0.9264,0.0536,0.02,0.98,0.02
270_,D8,ASIAN,,24.1278,0.00119879,4.96849e-05,,39.265,,0.9264,0.0536,0.02,0.98,0.02,,0.9264,0.0536,0.02,0.98,0.02
270_,D8,HISPANIC,,21.6446,0.00132214,6.10839e-05,,41.269,,0.9264,0.0536,0.02,0.98,0.02,,0.9264,0.0536,0.02,0.98,0.02
270_,D8,CAUCASIAN,,13.8923,0.00205996,0.000148281,,42.542,,0.9264,0.0536,0.02,0.98,0.02,,0.9264,0.0536,0.02,0.98,0.02
270_,D21,BLACK,,8.30048,6.35757e-07,7.65927e-08,,43.466,,0.9138,0.0662,0.02,0.98,0.02,,0.9138,0.0662,0.02,0.98,0.02
270_,D21,ASIAN,,11.3042,2.19426e-07,1.9411e-08,,34.634,,0.9138,0.0662,0.02,0.98,0.02,,0.9138,0.0662,0.02,0.98,0.02
270_,D21,CAUCASIAN,,3.4088,4.36974e-07,1.2819e-07,,41.145,,0.9138,0.0662,0.02,0.98,0.02,,0.9138,0.0662,0.02,0.98,0.02
270_,D21,HISPANIC,,8.41331,4.07853e-07,4.84771e-08,,38.064,,0.9138,0.0662,0.02,0.98,0.02,,0.9138,0.0662,0.02,0.98,0.02
270_,D7,CAUCASIAN,,1.49973,0.00357349,0.00238275,,23.544,,0.9084,0.0716,0.02,0.98,0.02,,0.9084,0.0716,0.02,0.98,0.02
270_,D7,HISPANIC,,1.30913,0.00400061,0.00305594,,20.162,,0.9084,0.0716,0.02,0.98,0.02,,0.9084,0.0716,0.02,0.98,0.02
270_,D7,BLACK,,1.10754,0.00463078,0.00418114,,26.597,,0.9084,0.0716,0.02,0.98,0.02,,0.9084,0.0716,0.02,0.98,0.02
270_,D7,ASIAN,,1.27961,0.0040794,0.00318799,,29.232,,0.9084,0.0716,0.02,0.98,0.02,,0.9084,0.0716,0.02,0.98,0.02
270_,CSF,BLACK,,2.54396,0.00846057,0.00332575,,23.192,,0.8748,0.098,0.0272,0.98,0.02,,0.8748,0.098,0.0272,0.98,0.02
270_,CSF,CAUCASIAN,,2.91187,0.00709401,0.00243624,,19.356,,0.8748,0.098,0.0272,0.98,0.02,,0.8748,0.098,0.0272,0.98,0.02
270_,CSF,HISPANIC,,2.37201,0.00808954,0.00341041,,18.179,,0.8748,0.098,0.0272,0.98,0.02,,0.8748,0.098,0.0272,0.98,0.02
270_,CSF,ASIAN,,2.76448,0.00585066,0.00211637,,33.466,,0.8748,0.098,0.0272,0.98,0.02,,0.8748,0.098,0.0272,0.98,0.02
270_,D3,CAUCASIAN,,2.39413,0.000431556,0.000180256,,16.634,,0.912,0.068,0.02,0.98,0.02,,0.912,0.068,0.02,0.98,0.02
270_,D3,BLACK,,2.09024,0.000555096,0.000265565,,27.648,,0.912,0.068,0.02,0.98,0.02,,0.912,0.068,0.02,0.98,0.02
270_,D3,HISPANIC,,2.28828,0.000577081,0.00025219,,40.581,,0.912,0.068,0.02,0.98,0.02,,0.912,0.068,0.02,0.98,0.02
270_,D3,ASIAN,,2.20632,0.000676861,0.000306783,,44.714,,0.912,0.068,0.02,0.98,0.02,,0.912,0.068,0.02,0.98,0.02
270_,TH01,CAUCASIAN,,14.8195,0.00196899,0.000132865,,44.124,,0.9102,0.0698,0.02,0.98,0.02,,0.9102,0.0698,0.02,0.98,0.02
270_,TH01,BLACK,,45.6757,0.000808314,1.76968e-05,,46.834,,0.9102,0.0698,0.02,0.98,0.02,,0.9102,0.0698,0.02,0.98,0.02
270_,TH01,HISPANIC,,13.0183,0.00227882,0.000175048,,42.834,,0.9102,0.0698,0.02,0.98,0.02,,0.9102,0.0698,0.02,0.98,0.02
270_,TH01,ASIAN,,48.0789,0.000685028,1.4248e-05,,42.729,,0.9102,0.0698,0.02,0.98,0.02,,0.9102,0.0698,0.02,0.98,0.02
270_,D13,BLACK,,60.997,2.0451e-07,3.35278e-09,,40.303,,0.903,0.077,0.02,0.98,0.02,,0.903,0.077,0.02,0.98,0.02
270_,D13,CAUCASIAN,,24.213,1.73695e-07,7.17363e-09,,40.149,,0.903,0.077,0.02,0.98,0.02,,0.903,0.077,0.02,0.98,0.02
270_,D13,ASIAN,,43.0329,1.19167e-07,2.76921e-09,,37.172,,0.903,0.077,0.02,0.98,0.02,,0.903,0.077,0.02,0.98,0.02
2
270_,D16,BLACK,,1.51774,0.000475489,0.000313288,,36.51,,0.8958,0.0842,0.02,0.98,0.02,,0.8958,0.0842,0.02,0.98,0.02
270_,D16,CAUCASIAN,,1.46482,0.00050702,0.000346131,,36.766,,0.8958,0.0842,0.02,0.98,0.02,,0.8958,0.0842,0.02,0.98,0.02
270_,D16,HISPANIC,,1.85201,0.000377911,0.000204055,,36.73,,0.8958,0.0842,0.02,0.98,0.02,,0.8958,0.0842,0.02,0.98,0.02
270_,D16,ASIAN,,1.86776,0.000414187,0.000221757,,35.536,,0.8958,0.0842,0.02,0.98,0.02,,0.8958,0.0842,0.02,0.98,0.02
270_,D2,HISPANIC,,0.378039,0.00141442,0.00374148,,28.418,,0.8248,0.1552,0.02,0.98,0.02,,0.8248,0.1552,0.02,0.98,0.02
270_,D2,CAUCASIAN,,0.868213,0.000615933,0.000709426,,30.568,,0.8248,0.1552,0.02,0.98,0.02,,0.8248,0.1552,0.02,0.98,0.02
270_,D2,ASIAN,,0.434972,0.0012293,0.00282616,,25.224,,0.8248,0.1552,0.02,0.98,0.02,,0.8248,0.1552,0.02,0.98,0.02
270_,D2,BLACK,,0.829498,0.000644672,0.000777184,,31.288,,0.8248,0.1552,0.02,0.98,0.02,,0.8248,0.1552,0.02,0.98,0.02
270_,D19,BLACK,,8.98022,0.00011856,1.32024e-05,,19.469,,0.912,0.068,0.02,0.98,0.02,,0.912,0.068,0.02,0.98,0.02
270_,D19,CAUCASIAN,,8.74846,0.000125751,1.43741e-05,,19.579,,0.912,0.068,0.02,0.98,0.02,,0.912,0.068,0.02,0.98,0.02
270_,D19,ASIAN,,12.1834,8.97363e-05,7.36545e-06,,17.982,,0.912,0.068,0.02,0.98,0.02,,0.912,0.068,0.02,0.98,0.02
270_,D19,HISPANIC,,23.8101,4.93681e-05,2.07341e-06,,20.674,,0.912,0.068,0.02,0.98,0.02,,0.912,0.068,0.02,0.98,0.02
270_,vWA,BLACK,,3.98586,0.133107,0.0333949,,34.74,,0.903,0.077,0.02,0.98,0.02,,0.903,0.077,0.02,0.98,0.02
270_,vWA,HISPANIC,,3.74465,0.152688,0.0407749,,30.157,,0.903,0.077,0.02,0.98,0.02,,0.903,0.077,0.02,0.98,0.02
270_,vWA,ASIAN,,4.4121,0.0773986,0.0175423,,25.908,,0.903,0.077,0.02,0.98,0.02,,0.903,0.077,0.02,0.98,0.02
270_,vWA,CAUCASIAN,,3.70172,0.0913599,0.0246804,,33.181,,0.903,0.077,0.02,0.98,0.02,,0.903,0.077,0.02,0.98,0.02
270_,TPOX,BLACK,,1.42472,1.70707e-05,1.19818e-05,,40.442,,0.912,0.068,0.02,0.98,0.02,,0.912,0.068,0.02,0.98,0.02
270_,TPOX,CAUCASIAN,,1.47453,3.44172e-05,2.33411e-05,,40.314,,0.912,0.068,0.02,0.98,0.02,,0.912,0.068,0.02,0.98,0.02
270_,TPOX,ASIAN,,0.991794,2.97456e-05,2.99917e-05,,38.599,,0.912,0.068,0.02,0.98,0.02,,0.912,0.068,0.02,0.98,0.02
270_,TPOX,HISPANIC,,1.01022,2.56517e-05,2.53922e-05,,39.457,,0.912,0.068,0.02,0.98,0.02,,0.912,0.068,0.02,0.98,0.02
270_,D18,BLACK,,1,1,1,,34.768,,0.8692,0.1108,0.02,0.98,0.02,,0.8692,0.1108,0.02,0.98,0.02
270_,D18,CAUCASIAN,,1,1,1,,30.351,,0.8692,0.1108,0.02,0.98,0.02,,0.8692,0.1108,0.02,0.98,0.02
270_,D18,HISPANIC,,1,1,1,,21.434,,0.8692,0.1108,0.02,0.98,0.02,,0.8692,0.1108,0.02,0.98,0.02
270_,D18,ASIAN,,1,1,1,,19.34,,0.8692,0.1108,0.02,0.98,0.02,,0.8692,0.1108,0.02,0.98,0.02
270_,D5,CAUCASIAN,,25.9364,0.00929467,0.000358364,,37.888,,0.9192,0.0608,0.02,0.98,0.02,,0.9192,0.0608,0.02,0.98,0.02
270_,D5,BLACK,,30.2584,0.00833792,0.000275557,,42.16,,0.9192,0.0608,0.02,0.98,0.02,,0.9192,0.0608,0.02,0.98,0.02
270_,D5,HISPANIC,,29.2637,0.0094585,0.000323216,,34.001,,0.9192,0.0608,0.02,0.98,0.02,,0.9192,0.0608,0.02,0.98,0.02
270_,D5,ASIAN,,32.0199,0.00646547,0.00020192,,33.905,,0.9192,0.0608,0.02,0.98,0.02,,0.9192,0.0608,0.02,0.98,0.02
270_,FGA,BLACK,,19.6775,0.0506439,0.0025737,,29.661,,0.9066,0.0734,0.02,0.98,0.02,,0.9066,0.0734,0.02,0.98,0.02
270_,FGA,CAUCASIAN,,12.9986,0.0729319,0.00561074,,28.288,,0.9066,0.0734,0.02,0.98,0.02,,0.9066,0.0734,0.02,0.98,0.02
270_,FGA,ASIAN,,22.7623,0.0450987,0.00198129,,25.462,,0.9066,0.0734,0.02,0.98,0.02,,0.9066,0.0734,0.02,0.98,0.02
2
Overall:,15 Files,BLACK,,3.32551e+10,3.5659e-46,1.07229e-56,,636.035
Overall:,15 Files,CAUCASIAN,,3.63747e+09,2.81916e-46,7.75035e-56,,636.035
Overall:,15 Files,HISPANIC,,1.0955e+10,2.99301e-46,2.73209e-56,,636.035
Overall:,15 Files,ASIAN,,1.39035e+11,1.06398e-47,7.65263e-59,,636.035
271_,D8,BLACK,,11.3397,0.026859,0.00236858,,30.467,,0.75,0.222,0.028,0.98,0.02,,0.75,0.222,0.028,0.98,0.02
271_,D8,HISPANIC,,16.1966,0.00948069,0.00058535,,20.29,,0.75,0.222,0.028,0.98,0.02,,0.75,0.222,0.028,0.98,0.02
271_,D8,CAUCASIAN,,10.7253,0.0138172,0.00128828,,25.615,,0.75,0.222,0.028,0.98,0.02,,0.75,0.222,0.028,0.98,0.02
271_,D8,ASIAN,,7.84876,0.00901738,0.00114889,,22.682,,0.75,0.222,0.028,0.98,0.02,,0.75,0.222,0.028,0.98,0.02
271_,D21,BLACK,,3.319,0.00231771,0.000698317,,44.842,,0.696,0.284,0.02,0.98,0.02,,0.696,0.284,0.02,0.98,0.02
271_,D21,HISPANIC,,2.34006,0.00135522,0.000579139,,37.954,,0.696,0.284,0.02,0.98,0.02,,0.696,0.284,0.02,0.98,0.02
271_,D21,ASIAN,,1.68278,0.000574673,0.000341503,,34.275,,0.696,0.284,0.02,0.98,0.02,,0.696,0.284,0.02,0.98,0.02
271_,D21,CAUCASIAN,,1.88746,0.00173629,0.000919912,,42.97,,0.696,0.284,0.02,0.98,0.02,,0.696,0.284,0.02,0.98,0.02
271_,D7,CAUCASIAN,,6.72587,0.0810353,0.0120483,,27.634,,0.594,0.362,0.044,0.972,0.028,,0.594,0.362,0.044,0.972,0.028
271_,D7,HISPANIC,,9.25785,0.0766475,0.00827919,,26.218,,0.594,0.362,0.044,0.972,0.028,,0.594,0.362,0.044,0.972,0.028
271_,D7,BLACK,,7.60877,0.0991563,0.0130319,,28.613,,0.594,0.362,0.044,0.972,0.028,,0.594,0.362,0.044,0.972,0.028
271_,D7,ASIAN,,11.0022,0.0431724,0.00392399,,26.175,,0.594,0.362,0.044,0.972,0.028,,0.594,0.362,0.044,0.972,0.028
271_,CSF,CAUCASIAN,,1,1,1,,50.893,,0.624,0.3,0.076,0.916,0.084,,0.624,0.3,0.076,0.916,0.084
271_,CSF,BLACK,,1,1,1,,52.842,,0.624,0.3,0.076,0.916,0.084,,0.624,0.3,0.076,0.916,0.084
271_,CSF,ASIAN,,1,1,1,,42.151,,0.624,0.3,0.076,0.916,0.084,,0.624,0.3,0.076,0.916,0.084
271_,D3,HISPANIC,,12.7901,0.000863714,6.75297e-05,,29.796,,0.646,0.318,0.036,0.964,0.036,,0.646,0.318,0.036,0.964,0.036
271_,D3,BLACK,,23.2508,0.00069051,2.96984e-05,,32.255,,0.646,0.318,0.036,0.964,0.036,,0.646,0.318,0.036,0.964,0.036
271_,D3,CAUCASIAN,,14.0712,0.000520646,3.70008e-05,,31.532,,0.646,0.318,0.036,0.964,0.036,,0.646,0.318,0.036,0.964,0.036
271_,D3,ASIAN,,36.5639,0.000863027,2.36032e-05,,27.508,,0.646,0.318,0.036,0.964,0.036,,0.646,0.318,0.036,0.964,0.036
271_,TH01,CAUCASIAN,,3.63031,0.0202994,0.00559165,,34.126,,0.676,0.304,0.02,0.956,0.044,,0.676,0.304,0.02,0.956,0.044
271_,TH01,BLACK,,18.9317,0.00681046,0.000359738,,37.416,,0.676,0.304,0.02,0.956,0.044,,0.676,0.304,0.02,0.956,0.044
271_,TH01,ASIAN,,33.6739,0.00661912,0.000196565,,31.24,,0.676,0.304,0.02,0.956,0.044,,0.676,0.304,0.02,0.956,0.044
271_,TH01,HISPANIC,,4.15056,0.0207725,0.00500474,,34.104,,0.676,0.304,0.02,0.956,0.044,,0.676,0.304,0.02,0.956,0.044
271_,D13,BLACK,,0.378317,0.000761743,0.00201351,,37.966,,0.684,0.296,0.02,0.98,0.02,,0.684,0.296,0.02,0.98,0.02
271_,D13,CAUCASIAN,,0.565887,0.000530871,0.000938122,,36.324,,0.684,0.296,0.02,0.98,0.02,,0.684,0.296,0.02,0.98,0.02
271_,D13,HISPANIC,,0.571178,0.000803376,0.00140653,,35.224,,0.684,0.296,0.02,0.98,0.02,,0.684,0.296,0.02,0.98,0.02
271_,D13,ASIAN,,0.57842,0.00167932,0.00290328,,33.373,,0.684,0.296,0.02,0.98,0.02,,0.684,0.296,0.02,0.98,0.02
271_,D16,BLACK,,5.13044,0.106073,0.0206753,,35.416,,0.556,0.424,0.02,0.876,0.124,,0.556,0.424,0.02,0.876,0.124
271_,D16,CAUCASIAN,,4.93568,0.110221,0.0223315,,34.584,,0.556,0.424,0.02,0.876,0.124,,0.556,0.424,0.02,0.876,0.124
271_,D16,HISPANIC,,5.87425,0.0927862,0.0157954,,34.478,,0.556,0.424,0.02,0.876,0.124,,0.556,0.424,0.02,0.876,0.124
271_,D16,ASIAN,,5.56083,0.097947,0.0176138,,32.224,,0.556,0.424,0.02,0.876,0.124,,0.556,0.424,0.02,0.876,0.124
271_,D2,CAUCASIAN,,6.00657,0.060652,0.0100976,,21.809,,0.55,0.35,0.1,0.836,0.164,,0.55,0.35,0.1,0.836,0.164
271_,D2,ASIAN,,4.82704,0.0623731,0.0129216,,18.829,,0.55,0.35,0.1,0.836,0.164,,0.55,0.35,0.1,0.836,0.164
271_,D2,BLACK,,2.26058,0.0745142,0.0329625,,23.504,,0.55,0.35,0.1,0.836,0.164,,0.55,0.35,0.1,0.836,0.164
271_,D2,HISPANIC,,3.60249,0.0655961,0.0182085,,21.252,,0.55,0.35,0.1,0.836,0.164,,0.55,0.35,0.1,0.836,0.164
271_,D19,BLACK,,9.77003,7.21107e-05,7.3808e-06,,32.332,,0.67,0.286,0.044,0.972,0.028,,0.67,0.286,0.044,0.972,0.028
271_,D19,CAUCASIAN,,12.5906,0.000343023,2.72443e-05,,29.109,,0.67,0.286,0.044,0.972,0.028,,0.67,0.286,0.044,0.972,0.028
271_,D19,HISPANIC,,7.31792,0.000260503,3.55979e-05,,26.578,,0.67,0.286,0.044,0.972,0.028,,0.67,0.286,0.044,0.972,0.028
271_,D19,ASIAN,,2.75555,0.000125494,4.55425e-05,,23.337,,0.67,0.286,0.044,0.972,0.028,,0.67,0.286,0.044,0.972,0.028
271_,vWA,ASIAN,,6.72442,0.00222784,0.000331306,,33.712,,0.612,0.344,0.044,0.972,0.028,,0.612,0.344,0.044,0.972,0.028
271_,vWA,HISPANIC,,4.7502,0.00299678,0.000630875,,33.793,,0.612,0.344,0.044,0.972,0.028,,0.612,0.344,0.044,0.972,0.028
271_,vWA,CAUCASIAN,,5.87665,0.00250385,0.000426068,,36.131,,0.612,0.344,0.044,0.972,0.028,,0.612,0.344,0.044,0.972,0.028
271_,vWA,BLACK,,5.12556,0.00279561,0.000545425,,37.579,,0.612,0.344,0.044,0.972,0.028,,0.612,0.344,0.044,0.972,0.028
271_,TPOX,CAUCASIAN,,2.61765,2.46174e-05,9.40442e-06,,41.729,,0.702,0.238,0.06,0.916,0.084,,0.702,0.238,0.06,0.916,0.084
271_,TPOX,BLACK,,2.79867,2.40337e-05,8.58752e-06,,43.837,,0.702,0.238,0.06,0.916,0.084,,0.702,0.238,0.06,0.916,0.084
271_,TPOX,ASIAN,,4.8076,2.45091e-05,5.098e-06,,37.75,,0.702,0.238,0.06,0.916,0.084,,0.702,0.238,0.06,0.916,0.084
271_,TPOX,HISPANIC,,2.02201,1.69535e-05,8.38448e-06,,38.938,,0.702,0.238,0.06,0.916,0.084,,0.702,0.238,0.06,0.916,0.084
271_,D18,HISPANIC,,1,1,1,,22.17,,0.628,0.28,0.092,0.98,0.02,,0.628,0.28,0.092,0.98,0.02
271_,D18,ASIAN,,1,1,1,,22.127,,0.628,0.28,0.092,0.98,0.02,,0.628,0.28,0.092,0.98,0.02
271_,D18,BLACK,,1,1,1,,27.816,,0.628,0.28,0.092,0.98,0.02,,0.628,0.28,0.092,0.98,0.02
271_,D18,CAUCASIAN,,1,1,1,,26.026,,0.628,0.28,0.092,0.98,0.02,,0.628,0.28,0.092,0.98,0.02
271_,D5,BLACK,,2.97659,0.022243,0.00747265,,22.509,,0.694,0.286,0.02,0.98,0.02,,0.694,0.286,0.02,0.98,0.02
271_,D5,CAUCASIAN,,2.62562,0.0259401,0.00987959,,20.264,,0.694,0.286,0.02,0.98,0.02,,0.694,0.286,0.02,0.98,0.02
271_,D5,HISPANIC,,2.46928,0.0293049,0.0118678,,17.307,,0.694,0.286,0.02,0.98,0.02,,0.694,0.286,0.02,0.98,0.02
271_,D5,ASIAN,,3.31654,0.0264817,0.00798472,,23.323,,0.694,0.286,0.02,0.98,0.02,,0.694,0.286,0.02,0.98,0.02
271_,FGA,CAUCASIAN,,8.18956,0.000517244,6.3159e-05,,21.409,,0.632,0.284,0.084,0.98,0.02,,0.632,0.284,0.084,0.98,0.02
271_,FGA,BLACK,,16.7982,0.000390205,2.3229e-05,,23.701,,0.632,0.284,0.084,0.98,0.02,,0.632,0.284,0.084,0.98,0.02
271_,FGA,HISPANIC,,8.36269,0.000248563,2.97228e-05,,18.859,,0.632,0.284,0.084,0.98,0.02,,0.632,0.284,0.084,0.98,0.02
271_,FGA,ASIAN,,11.9626,0.000336366,2.81182e-05,,16.172,,0.632,0.284,0.084,0.98,0.02,,0.632,0.284,0.084,0.98,0.02
Overall:,15 Files,BLACK,,3.87572e+09,7.34941e-33,1.89627e-42,,582.225
Overall:,15 Files,CAUCASIAN,,4.85955e+08,2.06864e-32,4.25687e-41,,582.225
Overall:,15 Files,HISPANIC,,3.2679e+08,8.32892e-33,2.5487e-41,,582.225
Overall:,15 Files,ASIAN,,9.81786e+09,8.0029e-34,8.15137e-44,,582.225
272_,D8,CAUCASIAN,,5.84676,5.74031e-06,9.81792e-07,,20.085,,0.91,0.07,0.02,0.98,0.02,,0.91,0.07,0.02,0.98,0.02
272_,D8,ASIAN,,3.92768,4.70912e-06,1.19896e-06,,17.735,,0.91,0.07,0.02,0.98,0.02,,0.91,0.07,0.02,0.98,0.02
272_,D8,BLACK,,8.53571,2.21988e-06,2.6007e-07,,21.515,,0.91,0.07,0.02,0.98,0.02,,0.91,0.07,0.02,0.98,0.02
272_,D8,HISPANIC,,8.56616,5.4629e-06,6.37731e-07,,18.926,,0.91,0.07,0.02,0.98,0.02,,0.91,0.07,0.02,0.98,0.02
272_,D21,BLACK,,8.37975,0.00305568,0.000364651,,25.962,,0.84,0.14,0.02,0.98,0.02,,0.84,0.14,0.02,0.98,0.02
272_,D21,CAUCASIAN,,4.39054,0.00477985,0.00108867,,24.106,,0.84,0.14,0.02,0.98,0.02,,0.84,0.14,0.02,0.98,0.02
272_,D21,HISPANIC,,5.43308,0.00478892,0.000881438,,21.581,,0.84,0.14,0.02,0.98,0.02,,0.84,0.14,0.02,0.98,0.02
272_,D21,ASIAN,,3.64104,0.00774461,0.00212703,,21.377,,0.84,0.14,0.02,0.98,0.02,,0.84,0.14,0.02,0.98,0.02
272_,D7,CAUCASIAN,,46.3663,4.82623e-05,1.04089e-06,,24.873,,0.81,0.17,0.02,0.98,0.02,,0.81,0.17,0.02,0.98,0.02
272_,D7,HISPANIC,,58.6068,5.04159e-05,8.6024e-07,,21.111,,0.81,0.17,0.02,0.98,0.02,,0.81,0.17,0.02,0.98,0.02
272_,D7,ASIAN,,60.7317,5.09385e-05,8.38745e-07,,25.802,,0.81,0.17,0.02,0.98,0.02,,0.81,0.17,0.02,0.98,0.02
272_,CSF,BLACK,,0.147108,0.00215265,0.0146332,,30.376,,0.76,0.18,0.06,0.98,0.02,,0.76,0.18,0.06,0.98,0.02
272_,CSF,CAUCASIAN,,0.0945984,0.00372344,0.0393605,,25.699,,0.76,0.18,0.06,0.98,0.02,,0.76,0.18,0.06,0.98,0.02
272_,CSF,HISPANIC,,0.11158,0.00305909,0.0274161,,21.23,,0.76,0.18,0.06,0.98,0.02,,0.76,0.18,0.06,0.98,0.02
272_,CSF,ASIAN,,0.123767,0.00269152,0.0217466,,18.85,,0.76,0.18,0.06,0.98,0.02,,0.76,0.18,0.06,0.98,0.02
272_,D3,CAUCASIAN,,12.9395,0.00177485,0.000137165,,34.16,,0.83,0.15,0.02,0.98,0.02,,0.83,0.15,0.02,0.98,0.02
272_,D3,HISPANIC,,11.2507,0.00327243,0.000290864,,30.878,,0.83,0.15,0.02,0.98,0.02,,0.83,0.15,0.02,0.98,0.02
272_,D3,BLACK,,20.5496,0.00284671,0.000138528,,35.21,,0.83,0.15,0.02,0.98,0.02,,0.83,0.15,0.02,0.98,0.02
272_,D3,ASIAN,,29.8671,0.00392036,0.00013126,,27.421,,0.83,0.15,0.02,0.98,0.02,,0.83,0.15,0.02,0.98,0.02
272_,TH01,BLACK,,11.1445,0.0102956,0.000923827,,23.568,,0.82,0.16,0.02,0.98,0.02,,0.82,0.16,0.02,0.98,0.02
272_,TH01,CAUCASIAN,,1.94635,0.00916374,0.00470816,,22.155,,0.82,0.16,0.02,0.98,0.02,,0.82,0.16,0.02,0.98,0.02
272_,TH01,HISPANIC,,2.2457,0.01241,0.00552612,,34.057,,0.82,0.16,0.02,0.98,0.02,,0.82,0.16,0.02,0.98,0.02
272_,TH01,ASIAN,,21.8877,0.00524553,0.000239656,,28.833,,0.82,0.16,0.02,0.98,0.02,,0.82,0.16,0.02,0.98,0.02
272_,D13,BLACK,,0.262116,0.0056256,0.0214622,,21.665,,0.78,0.2,0.02,0.98,0.02,,0.78,0.2,0.02,0.98,0.02
.02
272_,D13,HISPANIC,,0.537864,0.00274154,0.00509709,,20.451,,0.78,0.2,0.02,0.98,0.02,,0.78,0.2,0.02,0.98,0.02
272_,D13,ASIAN,,0.6301,0.00234024,0.00371407,,16.062,,0.78,0.2,0.02,0.98,0.02,,0.78,0.2,0.02,0.98,0.02
272_,D16,BLACK,,1.29279,0.000171685,0.000132802,,35.304,,0.74,0.24,0.02,0.98,0.02,,0.74,0.24,0.02,0.98,0.02
272_,D16,ASIAN,,1.41985,0.000155459,0.00010949,,18.331,,0.74,0.24,0.02,0.98,0.02,,0.74,0.24,0.02,0.98,0.02
272_,D16,HISPANIC,,1.49286,0.000149403,0.000100078,,25.455,,0.74,0.24,0.02,0.98,0.02,,0.74,0.24,0.02,0.98,0.02
272_,D16,CAUCASIAN,,0.950198,0.000286983,0.000302024,,31.694,,0.74,0.24,0.02,0.98,0.02,,0.74,0.24,0.02,0.98,0.02
272_,D2,BLACK,,1,1,1,,37.792,,0.71,0.27,0.02,0.98,0.02,,0.71,0.27,0.02,0.98,0.02
272_,D2,CAUCASIAN,,1,1,1,,29.961,,0.71,0.27,0.02,0.98,0.02,,0.71,0.27,0.02,0.98,0.02
272_,D2,HISPANIC,,1,1,1,,22.247,,0.71,0.27,0.02,0.98,0.02,,0.71,0.27,0.02,0.98,0.02
272_,D2,ASIAN,,1,1,1,,24.515,,0.71,0.27,0.02,0.98,0.02,,0.71,0.27,0.02,0.98,0.02
272_,D19,CAUCASIAN,,20.5525,3.89966e-06,1.89741e-07,,20.659,,0.83,0.15,0.02,0.98,0.02,,0.83,0.15,0.02,0.98,0.02
272_,D19,HISPANIC,,12.4666,9.4101e-06,7.54825e-07,,19.038,,0.83,0.15,0.02,0.98,0.02,,0.83,0.15,0.02,0.98,0.02
272_,D19,ASIAN,,5.39928,2.08912e-05,3.86927e-06,,18.853,,0.83,0.15,0.02,0.98,0.02,,0.83,0.15,0.02,0.98,0.02
272_,vWA,BLACK,,2.04296,0.0617294,0.0302156,,24.6,,0.78,0.2,0.02,0.98,0.02,,0.78,0.2,0.02,0.98,0.02
272_,vWA,CAUCASIAN,,2.43197,0.0303946,0.0124979,,24.211,,0.78,0.2,0.02,0.98,0.02,,0.78,0.2,0.02,0.98,0.02
272_,vWA,HISPANIC,,1.85557,0.0358566,0.0193238,,30.237,,0.78,0.2,0.02,0.98,0.02,,0.78,0.2,0.02,0.98,0.02
272_,vWA,ASIAN,,2.88193,0.00687317,0.00238492,,29.022,,0.78,0.2,0.02,0.98,0.02,,0.78,0.2,0.02,0.98,0.02
272_,TPOX,BLACK,,446.977,0.00196075,4.38669e-06,,23.535,,0.83,0.15,0.02,0.98,0.02,,0.83,0.15,0.02,0.98,0.02
272_,TPOX,HISPANIC,,112.903,0.00754191,6.67998e-05,,18.664,,0.83,0.15,0.02,0.98,0.02,,0.83,0.15,0.02,0.98,0.02
272_,TPOX,CAUCASIAN,,224.17,0.00382025,1.70418e-05,,21.555,,0.83,0.15,0.02,0.98,0.02,,0.83,0.15,0.02,0.98,0.02
272_,TPOX,ASIAN,,561.003,0.00158916,2.83271e-06,,17.399,,0.83,0.15,0.02,0.98,0.02,,0.83,0.15,0.02,0.98,0.02
272_,D18,CAUCASIAN,,11.8978,0.0796781,0.00669685,,20.062,,0.82,0.16,0.02,0.98,0.02,,0.82,0.16,0.02,0.98,0.02
272_,D18,BLACK,,9.00191,0.103761,0.0115266,,24.846,,0.82,0.16,0.02,0.98,0.02,,0.82,0.16,0.02,0.98,0.02
272_,D18,HISPANIC,,11.7439,0.0806479,0.00686724,,19.921,,0.82,0.16,0.02,0.98,0.02,,0.82,0.16,0.02,0.98,0.02
272_,D18,ASIAN,,12.2165,0.0777532,0.00636462,,16.355,,0.82,0.16,0.02,0.98,0.02,,0.82,0.16,0.02,0.98,0.02
272_,D5,CAUCASIAN,,1.30078,3.24988e-05,2.49841e-05,,30.667,,0.87,0.11,0.02,0.98,0.02,,0.87,0.11,0.02,0.98,0.02
272_,D5,BLACK,,1.53192,2.63274e-05,1.71859e-05,,33.18,,0.87,0.11,0.02,0.98,0.02,,0.87,0.11,0.02,0.98,0.02
272_,D5,HISPANIC,,1.2208,3.6706e-05,3.00673e-05,,26.645,,0.87,0.11,0.02,0.98,0.02,,0.87,0.11,0.02,0.98,0.02
272_,D5,ASIAN,,1.27198,4.36641e-05,3.43278e-05,,21.707,,0.87,0.11,0.02,0.98,0.02,,0.87,0.11,0.02,0.98,0.02
272_,FGA,BLACK,,0.395212,0.000760274,0.00192371,,27.108,,0.8,0.18,0.02,0.98,0.02,,0.8,0.18,0.02,0.98,0.02
272_,FGA,HISPANIC,,0.553523,0.000360941,0.00065208,,24.078,,0.8,0.18,0.02,0.98,0.02,,0.8,0.18,0.02,0.98,0.02
272_,FGA,CAUCASIAN,,0.447821,0.00097681,0.00218125,,26.505,,0.8,0.18,0.02,0.98,0.02,,0.8,0.18,0.02,0.98,0.02
272_,FGA,ASIAN,,0.279589,0.000650988,0.00232838,,25.706,,0.8,0.18,0.02,0.98,0.02,,0.8,0.18,0.02,0.98,0.02
Overall:,15 Files,BLACK,,3.2561e+09,2.40011e-44,7.3711e-54,,542.147
Overall:,15 Files,CAUCASIAN,,8.96237e+07,9.07429e-44,1.01249e-51,,542.147
Overall:,15 Files,HISPANIC,,1.27971e+08,1.82485e-43,1.42599e-51,,542.147
Overall:,15 Files,ASIAN,,2.38428e+09,1.88659e-44,7.91264e-54,,542.147

,Total Time Elapsed:,8296.91,Second(s)
