Case,BLACK,CAUCASIAN,HISPANIC,ASIAN,MINIMUM,,Case,BLACK,CAUCASIAN,HISPANIC,ASIAN,MINIMUM,,Case,BLACK,CAUCASIAN,HISPANIC,ASIAN,MINIMUM,,Case,BLACK,CAUCASIAN,HISPANIC,ASIAN,MINIMUM
1,2.06559916712e-06,4.81900615896e-07,5.48772027176e-07,5.98738485864e-07,4.81900615896e-07,,1,59588946853.1,16952692201.4,3878451928.57,10456144965.6,3878451928.57,,
2,2.94623923519e-14,8.31006472359e-15,2.40818159031e-14,2.16844508632e-13,8.31006472359e-15,,2,7.09935499376e+12,1.30211511424e+11,6.88627016459e+12,1.26953147237e+14,1.30211511424e+11,,
3,1.71797250819e+14,3.124170585e+12,1.83981683618e+12,3.08463194056e+11,3.08463194056e+11,,3,0.00020301108371,5.02009875498e-06,6.75946764327e-06,0.000752501302257,5.02009875498e-06,,
4,120875173.786,5222468.78444,4206243.09834,181975.331231,181975.331231,,4,2.58671316116e+16,4.54513818917e+14,4.49340542425e+14,1.64248044592e+13,1.64248044592e+13,,
5,19902.1570151,3152.41142312,8370.15538587,1258.88508265,1258.88508265,,5,2.11789605434e+12,1.58495049363e+12,8.91891290677e+11,1.76097851662e+11,1.76097851662e+11,,
6,43.9039810543,5.39024185334,10.010674629,1537.46142334,5.39024185334,,6,1.5418548098e+11,6955563859.32,1.36740937704e+11,5.87494569627e+14,6955563859.32,,
7,107722.708673,1894500.22241,875079.23006,714920.45428,107722.708673,,7,85441841.5588,21795173.018,50007973.3935,1118456870.66,21795173.018,,
8,9002296630.88,20007817.4807,827441463.219,8958990923.99,20007817.4807,,8,1.62879046459e+12,32268478102.3,23339681103.1,1.63340340164e+13,23339681103.1,,
9,1.85369971851e-16,1.86743417554e-17,2.78409570239e-17,6.13246777866e-17,1.86743417554e-17,,9,1.21805024505e-24,3.85499742594e-26,8.33249509751e-26,5.05097811271e-26,3.85499742594e-26,,
10,3.2895585577e-18,4.53567270972e-19,1.32526047068e-18,3.51514291949e-17,4.53567270972e-19,,10,1.48736456823e+15,2.0643593381e+12,7.48860234295e+12,2.4862614896e+14,2.0643593381e+12,,
11,0.866583290729,0.0754589966407,1.47361445352,103.623870261,0.0754589966407,,11,3.35323620313e+13,37917390724.0,1.4560197182e+11,4.53654367359e+12,37917390724.0,,
12,14.0986061454,0.122745012261,0.348444079224,1.15192689118,0.122745012261,,12,1.6029865232e-11,9.20263826882e-13,1.00032057102e-11,6.03304911193e-11,9.20263826882e-13,,
13,14842836485.0,3510921277.24,712944398.114,1304066202.6,712944398.114,,13,90200.6693766,5347745.92026,531040.423918,126715.182405,90200.6693766,,
14,3.97462431879e-13,6.308239423e-16,7.80618669984e-16,2.35210622637e-15,6.308239423e-16,,14,13335604420.4,266011660.931,229489809.149,8813514608.03,229489809.149,,
15,0.000760839988394,2.28373344756e-07,9.04419524337e-06,8.29631541814e-07,2.28373344756e-07,,15,3.3581762873e+15,4.49231918204e+13,7.01380205665e+14,2.96949896685e+15,4.49231918204e+13,,
16,0.00683175704023,0.01267850773,0.0027809813967,0.00838332411996,0.0027809813967,,16,1.46695059748e+13,1.05608187372e+12,9315168826.86,3.69885809512e+11,9315168826.86,,
17,1.90092580417e-09,4.12197170417e-10,8.16224399934e-10,3.94593402625e-09,4.12197170417e-10,,17,8426179.23873,187207516.74,53823948.6985,469650546.868,8426179.23873,,
18,5.20738786782e-12,1.46922770522e-10,2.85387469155e-11,1.30439483512e-10,5.20738786782e-12,,18,22445025983.8,1.47990723045e+12,2.14121858954e+11,1.47017306747e+11,22445025983.8,,
19,187325932.685,1388983.27554,3539801.71229,97461.5685602,97461.5685602,,19,4.12115191086e+12,1.06133692348e+11,7.05020429449e+11,8.83881317311e+11,1.06133692348e+11,,
20,335698.856059,3147625.03661,329799.051358,4555728.67995,329799.051358,,20,803329.665951,29709.9090126,646320.627855,4421582.13865,29709.9090126,,
21,3037.97041957,45130.9510537,1792.91558743,1714346.50003,1792.91558743,,21,4124076.00659,172551.932854,23719.265527,1123742.4144,23719.265527,,
22,233447492.622,3689114938.54,169887648.628,11482158323.9,169887648.628,,22,4.64952272311e-28,3.45270510532e-28,1.18305804491e-28,3.88933141796e-27,1.18305804491e-28,,
23,233447492.622,3689114938.54,169887648.628,11482158323.9,169887648.628,,23,3.98093175608e+11,27061240369.7,3832863811.03,156621129.978,156621129.978,,
24,54235397410.2,985515567.956,16120549011.8,4.43278270325e+11,985515567.956,,24,448768.659759,16478.8847921,4960.18601946,24458.8763031,4960.18601946,,
25,1.44006912499e+11,7603923576.08,3.70356662279e+11,7.58511998906e+12,7603923576.08,,25,104.372472972,415.758478933,212.535248877,4194.03889017,104.372472972,,
26,335644904.501,4140525.33686,59976820.2279,1528177061.36,4140525.33686,,26,13375.4016746,656.638025107,1234.56554685,25776.1986142,656.638025107,,
27,31687139625.8,701655258.346,21907841032.0,2.17971263402e+11,701655258.346,,27,615173.171822,257361.977846,48460.6474013,17022.1681282,17022.1681282,,
28,1.11499184578e+11,13187380930.1,2534051187.85,2.8860759211e+11,2534051187.85,,28,3799240629.69,598021057.918,2033736433.31,1977104813.77,598021057.918,,
29,3.29521911348e+12,3.02720859483e+11,43137427254.2,3.28399306465e+12,43137427254.2,,29,69.6972819631,3.75447866233,0.292968347061,28.6325368193,0.292968347061,,
30,1.8534988929e+13,1.09933768918e+12,6.67669756938e+11,5.57003157335e+13,6.67669756938e+11,,30,14712.6168676,1377.64029224,6769.36551387,10957025.3883,1377.64029224,,
31,6.85065061599e+12,2.66138824654e+11,1.33625790901e+11,1.35231008446e+13,1.33625790901e+11,,31,2330.99321917,19984.3489852,15449.9216166,95212.4108774,2330.99321917,,
32,44973453285.3,3620767239.91,78185718.931,719377832.812,78185718.931,,32,1208.49376754,13299.071826,759.782502418,128409.391396,759.782502418,,
33,1.85058372005e+15,1.67756968615e+14,2.83706348094e+12,5.09265850621e+13,2.83706348094e+12,,33,7140.3329566,116.047359136,4557.5055662,22976.757069,116.047359136,,
34,3.14242626312e+11,56426875253.6,478948929.204,700906234.614,478948929.204,,34,24384937.4372,524166.761903,136058.002319,605.614565536,605.614565536,,
35,83434129.1357,2448658.41278,1771503.87472,213860819.347,1771503.87472,,35,0.0323686735113,0.215245743694,0.0323149912728,8.23972424288,0.0323149912728,,
36,1.75080276355e+12,13089322746.8,17575099602.4,7.32691491312e+11,13089322746.8,,36,4368.49965187,147.449118012,1722.36956843,19880.5992584,147.449118012,,
37,1.33690458085e+12,6914206818.06,2675989103.3,2.77787794649e+11,2675989103.3,,37,1067806.45639,13486.7142693,956.733368531,38584.1126624,956.733368531,,
38,76444455.1687,990655.646941,1766277.54482,118461931.368,990655.646941,,38,5.97274506032e+11,20129878417.9,1504606031.28,33311791.1525,33311791.1525,,
39,2200787014.16,135434433.398,1241787648.38,2.80175941844e+12,135434433.398,,39,12355574800.1,1907779405.73,987158036.622,2.00143191848e+11,987158036.622,,
40,135162920.506,10549474.222,101163288.416,4.79376266068e+11,10549474.222,,40,307682471.928,31463919.551,127218666.104,46235213.2707,31463919.551,,
41,1875404194.87,349888906.949,2177381389.15,1.28374426277e+13,349888906.949,,41,8925185.77254,852154.577382,77965.1907812,4526930.27408,77965.1907812,,
42,6237112376.79,299545988.667,4652756491.33,1.36466325705e+13,299545988.667,,42,0.0528755131438,0.963161405529,1.67816391228,20.7907470222,0.0528755131438,,
43,27346576966.9,8.93395994478e+11,3.74454378326e+11,3.61205406253e+12,27346576966.9,,43,1218094276.52,343298343.022,80423831.4622,919016064.422,80423831.4622,,
44,1604100690.51,1.67936556822e+11,27337050337.0,2.29630610673e+11,1604100690.51,,44,540905040.676,370994395.791,128390499.937,68794422.6418,68794422.6418,,
45,4629568407.93,2.75322342761e+11,94047868727.1,4.13814456514e+11,4629568407.93,,45,56591.8139013,58816.7177539,984.028215336,21345.4353884,984.028215336,,
46,16229688985.4,8.91489339745e+11,1.90258881402e+11,1.97801787882e+12,16229688985.4,,46,15.8801889799,1.89186097555,5.65360394485,384.02102566,1.89186097555,,
47,1.22148930716e-10,1.18995937043e-09,8.04078709447e-11,1.03834794056e-10,8.04078709447e-11,,47,30783209.2592,280564260.376,27489473.1783,402734568.354,27489473.1783,,
48,7.49392643947e+14,9.00030127789e+12,7.5936298936e+11,17981427593.3,17981427593.3,,48,38397.9600419,653.150823251,7711.2998521,234765.184704,653.150823251,,
49,1.40794204279e-16,1.86450431285e-17,6.13576051777e-18,6.13306289607e-18,6.13306289607e-18,,49,1.97270185677e+16,3.21476721952e+15,4.07007593741e+13,9.81871176211e+14,4.07007593741e+13,,
50,1.23190523699e-24,2.8410064347e-26,6.1421122777e-26,3.44387553391e-24,2.8410064347e-26,,50,9.52492111936e+13,7.00832707928e+11,6.6757230409e+11,7.29535640505e+13,6.6757230409e+11,,
51,761052672.473,12544596970.3,661071653.4,89409639548.6,661071653.4,,51,157157.177532,11275.6358418,112281.843104,4091126.68905,11275.6358418,,
52,33764337.3404,407639565.739,22621937.7041,6212087309.7,22621937.7041,,52,3080.57863175,105.713162212,178.943074609,6043.17542127,105.713162212,,
53,27891239.3523,463687830.585,20839403.3228,7890326402.6,20839403.3228,,53,1.78712559869e+13,3.58002515275e+11,24288001943.0,670213034.036,670213034.036,,
54,74315207307.6,2268175438.07,88588862825.9,3.41986771582e+12,2268175438.07,,54,118438532.218,652701639.562,81226886.7923,20705895251.5,81226886.7923,,
55,4.45866886502e+11,3051618824.73,1.8989643046e+11,2.64938820194e+12,3051618824.73,,55,34132078717.6,1226697727.53,78600944.5891,3567953810.25,78600944.5891,,
56,202722452.641,1894783.5739,101181826.874,2129987832.35,1894783.5739,,56,72755.7079113,1709.08930835,1962.15572705,124366.278181,1709.08930835,,
57,44361006574.6,228474868.493,18117005642.2,6.72073502735e+11,228474868.493,,57,5374801047.66,147022958.727,38276838.1127,940550.387246,940550.387246,,
58,4.99938405062e-08,6.73218390491e-10,4.9219615259e-11,1.01545659501e-10,4.9219615259e-11,,58,2.06744549617e-18,1.58943132255e-18,8.71067881527e-19,8.45670441156e-18,8.71067881527e-19,,
59,6.50548563941e+13,2.23930275905e+12,51169213029.2,5.34178775076e+11,51169213029.2,,59,40437440.4381,1494454.24139,80516708.9104,943797835.921,1494454.24139,,
60,1.24002682397e+15,1.00304559941e+14,1.22501907298e+12,2.32730515293e+13,1.22501907298e+12,,60,21846066491.9,113256574.664,99236022.7774,10483866564.2,99236022.7774,,
61,1.74739593689e+14,3.58843001227e+12,57457378288.7,1.08680684287e+12,57457378288.7,,61,2.6884144385e+14,1.18011725406e+12,69258648502.8,2685782797.17,2685782797.17,,
62,1.47392839766e+13,1.44850401605e+11,82613530653.0,7.25991632688e+12,82613530653.0,,62,9.01508954089e+11,7825430796.06,1659895339.48,59482302137.5,1659895339.48,,
63,17383522546.2,165680047.376,107129191.946,6286379717.62,107129191.946,,63,173293.178709,2500995.4188,66728.2922386,20318611.4194,66728.2922386,,
64,3.10322681094e+16,7.04100242094e+13,6.42730397377e+12,1.2798789848e+11,1.2798789848e+11,,64,201457554.107,16453742.0139,639139758.249,2357524084.49,16453742.0139,,
65,4.30151925896e+15,4.42752427411e+13,2.55148507384e+12,49646150875.1,49646150875.1,,65,3253522843.54,196940529.363,6401683.11571,40982765.3153,6401683.11571,,
66,5.42935769653e+16,8.28664740511e+14,4.98424920906e+13,1.01164484672e+12,1.01164484672e+12,,66,317841.494925,1925325.67602,77194.3905668,1703502.11134,77194.3905668,,
67,2.48031793197e+15,1.41645374597e+13,1.01568215467e+12,22503294599.4,22503294599.4,,67,193810.756157,1661.72452682,855.892244904,135828.875303,855.892244904,,
68,6988702448.91,1130070014.4,7449697833.17,48298532128.8,1130070014.4,,68,2.42553138377e+11,967268433.839,318293635.349,2.53122226169e+11,318293635.349,,
69,2.63513708968e+11,13017842827.2,1.26439466335e+11,6.25433638804e+11,13017842827.2,,69,2.98797915409e+13,2.19499019209e+11,86486367600.4,7.5134273771e+13,86486367600.4,,
70,2.45413778566e+13,1.15454063881e+11,50698637030.2,3.59256418412e+13,50698637030.2,,70,5.33693376345e+11,51427989006.2,3.19450085684e+11,2.38160887074e+12,51427989006.2,,
71,4.10829922346e+13,2.52679605361e+11,1.08221123725e+11,1.03668814162e+14,1.08221123725e+11,,71,66696052858.3,1172321628.22,5988962034.86,1.25497232181e+11,1172321628.22,,
72,20323060.3866,357659228.501,14506934.2269,1975429120.21,14506934.2269,,72,7.92870787878e+11,1.77860189999e+11,3166690530.34,98255913993.4,3166690530.34,,
73,7068835919.15,50150232.5325,3167797552.05,1.0985983748e+11,50150232.5325,,73,1.58212950258e+11,633743497.552,648649553.323,40654952756.3,633743497.552,,
74,4.51624751814e+12,6.77381272035e+11,2.61850025729e+11,2.84729361954e+13,2.61850025729e+11,,74,42907454002.7,17056924315.3,66260059983.3,15047627826.2,15047627826.2,,
75,2.43047008822e+11,35702924031.2,10278896420.0,1.90021129963e+12,10278896420.0,,75,61318863.6589,22116749.4258,455598.582834,194793097.046,455598.582834,,
76,4.0133482164e+11,36567881575.3,17692361031.7,1.41248262662e+12,17692361031.7,,76,4061218543.32,1.75976341911e+11,37342601514.6,3.21370743443e+11,4061218543.32,,
77,9.36285413949e+11,84729706345.2,455275853.174,40786657157.8,455275853.174,,77,26652044.5077,421270531.369,10855039.3653,1324971668.16,10855039.3653,,
78,2.2010753597e+14,2.55332694693e+13,2.06295757672e+11,3.21222521547e+12,2.06295757672e+11,,78,58647001183.1,529058091.211,380998851.126,49687692829.0,380998851.126,,
79,1.95710444044e+14,5.42846717394e+12,47218117233.9,5.84993850264e+11,47218117233.9,,79,7.07174030302e+14,9.43305199471e+12,1.01009026741e+12,16252138771.7,16252138771.7,,
80,1.64374448795e+11,26888014195.1,76838024898.7,23061957427.7,23061957427.7,,80,2833077794.04,1.63461550171e+11,39008176127.5,1.56981081238e+11,2833077794.04,,
81,5.97778438693e+12,23930631685.3,26616531993.6,4.86120902645e+12,23930631685.3,,81,5621744.837,71652.309817,2458427.00403,694059601.449,71652.309817,,
82,24004008036.3,241197146.671,142412927.863,15086488581.8,142412927.863,,82,7.54537922693e+12,1.47778209735e+11,12563255633.5,326205868.312,326205868.312,,
83,7775748261.1,1145252114.15,43539688.2598,9639575389.75,43539688.2598,,83,5272961333.28,385889709.859,3069868397.51,9.72185254279e+12,385889709.859,,
84,9601824848.12,793262216.719,6773664304.92,3.08298737186e+13,793262216.719,,84,8.95761226478e+12,4.82259102268e+11,2.58124940666e+11,2.31261314337e+13,2.58124940666e+11,,
85,1.62019304557e+11,4.49994057397e+12,1.70271802333e+12,1.74456602112e+13,1.62019304557e+11,,85,3.30134335654e+11,34793152473.8,16519921244.6,9.26217534173e+11,16519921244.6,,
86,2.06866956866e+16,1.36278929676e+14,1.06830991383e+13,1.91717416027e+11,1.91717416027e+11,,86,8.51727086038e+12,72552209310.9,2730298497.25,21777169677.5,2730298497.25,,
87,38559849.2226,790221407.499,23738074.1547,10402417047.1,23738074.1547,,87,2.4511160836e+13,2.57128495047e+12,22032086569.1,4.30859471857e+11,22032086569.1,,
88,6934794529.12,64773199.4456,3800058223.46,84668920383.9,64773199.4456,,88,1.08307923582e+11,840733634.524,835153489.838,59462865861.8,835153489.838,,
89,6.7787998068e+11,97226563280.7,26486204417.0,5.63259862439e+12,26486204417.0,,89,57766786.5923,20773020.5217,416268.927375,165756214.555,416268.927375,,
90,4.05665931611e+13,2.48372344378e+12,1.03375351315e+12,7.979351463e+13,1.03375351315e+12,,90,22345991218.5,1848757015.53,16800706501.3,5.63716745332e+13,1848757015.53,,
91,9.23284927653e+11,1.38693472153e+11,63758957558.4,5.10942667132e+12,63758957558.4,,91,52180200822.8,1.59147181285e+12,5.51295726247e+11,5.49251754659e+12,52180200822.8,,
92,1.32492148877e+14,1.44380495787e+13,1.01506358818e+11,2.53588944802e+12,1.01506358818e+11,,92,2308349.49756,32308011.0785,2302275.05853,781710565.795,2302275.05853,,
93,3.54755393299e+14,1.09760407505e+13,93916968295.1,1.56939520119e+12,93916968295.1,,93,2.37504436034e+15,1.80439006132e+13,1.54170403807e+12,28229781714.9,28229781714.9,,
94,1.23694113885e+12,1.37620917832e+11,4.89724566295e+11,1.26872652599e+11,1.26872652599e+11,,94,1.12774451556e+13,1.6759941714e+12,5.11925501414e+11,5.00317577223e+13,5.11925501414e+11,,
95,2.6457906663e+11,22238144034.5,71092866551.4,22308908853.7,22238144034.5,,95,16413008753.7,1559992441.53,51935412.3473,9604694094.98,51935412.3473,,
96,1.14132208573e+11,14642582508.5,56093734471.0,19391595582.8,14642582508.5,,96,109386834.985,16289327.9101,146677100.31,6.67723197275e+11,16289327.9101,,
97,1.21391670272e+11,23306336203.4,64743539601.3,21572471815.1,21572471815.1,,97,9236956815.39,5.98977399427e+11,1.35441473471e+11,4.85438148266e+11,9236956815.39,,
98,5.7876965161e+11,3593816765.2,3266785152.88,2.80445450013e+11,3266785152.88,,98,32807107.3259,137676.439767,5722264.02687,141383985.451,137676.439767,,
99,2.00379824437e+16,7.7146713153e+13,8.1878621708e+12,1.16482772632e+11,1.16482772632e+11,,99,9914585758.98,117959171.014,77040083.1139,5980687462.04,77040083.1139,,
100,3.28531540552e+11,29498602732.2,10242563450.9,1.25869328738e+12,10242563450.9,,100,6148588699.95,741086408.63,18094235.5236,4774727117.16,18094235.5236,,
101,7.92745889097e+11,94092512058.8,47741721538.6,3.81989061509e+12,47741721538.6,,101,35634831069.2,1.2024096247e+12,3.88713530037e+11,3.64852002673e+12,35634831069.2,,
102,6148588699.95,741086408.63,18094235.5236,4774727117.16,18094235.5236,,102,3.28531540552e+11,29498602732.2,10242563450.9,1.25869328738e+12,10242563450.9,,
103,22747640509.7,3178206742.39,155709647.56,40905474245.3,155709647.56,,103,19593786603.6,1406058469.08,9113979827.73,4.18074769897e+13,1406058469.08,,
104,19593786603.6,1406058469.08,9113979827.73,4.18074769897e+13,1406058469.08,,104,22747640509.7,3178206742.39,155709647.56,40905474245.3,155709647.56,,
105,35634831069.2,1.2024096247e+12,3.88713530037e+11,3.64852002673e+12,35634831069.2,,105,7.92745889097e+11,94092512058.8,47741721538.6,3.81989061509e+12,47741721538.6,,
106,322994.310681,27032.8464663,31663.0046381,431882.75346,27032.8464663,,106,5107580022.09,664367325.43,48897816.5397,7473818087.28,48897816.5397,,
107,2.72031722159e+11,79556338657.9,15014643971.0,4.71398233238e+11,15014643971.0,,107,10169437325.4,2.88672147981e+11,1.11576133598e+11,1.07472802921e+12,10169437325.4,,
108,1835376.68695,273911.083371,87251.6892901,4877961.9109,87251.6892901,,108,0.0207517464261,0.00225928481487,0.00111143397981,0.0746567181127,0.00111143397981,,
109,2885387.09767,718046.401062,20475.6753571,2020089.52862,20475.6753571,,109,2662084.38792,936424.90421,294313.861567,15777573.4404,294313.861567,,
110,267756114.351,61877359.0131,20293281.9476,1604641177.93,20293281.9476,,110,32851.097898,279171.524702,36875.5498613,203327.927959,32851.097898,,
111,9659268.34754,323300983.476,43145388.015,156325628.495,9659268.34754,,111,41219485205.1,5916254937.09,2497532428.39,56459052691.8,2497532428.39,,
112,8761229.88925,505381.451724,285748.953756,1828748.92963,285748.953756,,112,215555.058049,5396.44028534,519.688390112,69699.2004417,519.688390112,,
113,389014044.343,156680803.677,71156833.9872,1127818152.25,71156833.9872,,113,1.73320999914e-07,2.35711893932e-07,1.55539876209e-07,8.60564172348e-07,1.55539876209e-07,,
114,1.25924297698e+13,1.38888876757e+12,6.01018505257e+11,4.95824410855e+13,6.01018505257e+11,,114,929.112628838,90.3045892624,20.6145273723,1289.89123546,20.6145273723,,
115,4.03647599737e+11,49323867654.3,2802664725.91,80804547836.6,2802664725.91,,115,6.14724965849e-09,1.28801841312e-10,2.06684668788e-11,6.65909867845e-10,2.06684668788e-11,,
116,100376932.005,44520680.4545,64450359.7586,927341648.901,44520680.4545,,116,225.912577338,4405.44075833,3124.91464001,16444.8949552,225.912577338,,
117,5235735625.06,86967223461.3,42377600255.2,87027927036.3,5235735625.06,,117,6.24894077444,7.35506809472,3.45583989645,24.3823744015,3.45583989645,,
118,1.12392314311e-19,7.6689018788e-21,1.16315209501e-20,7.46393639759e-20,7.6689018788e-21,,118,5.01643164165e+13,1.33838488858e+11,47707439232.0,8.696701553e+11,47707439232.0,,118,1.07876637481e-09,1.25038247417e-10,5.38744613649e-10,4.5891298933e-07,1.25038247417e-10,,
119,8.01630638787e-26,6.55885453675e-27,3.30140547832e-26,2.4639475333e-27,2.4639475333e-27,,119,791449.083993,25643.2856241,71904.5982634,98681.1982069,25643.2856241,,119,165805955.955,9299890.48367,24736930.4298,589568534.062,9299890.48367,,
120,1.50210302809e-06,2.50051162794e-06,1.13445804712e-06,6.96154361014e-05,1.13445804712e-06,,120,5.39633445541e-11,7.19755912992e-11,2.7393964789e-11,3.84006560965e-09,2.7393964789e-11,,120,1.01640546566e+12,9.79383726172e+13,1.68832550643e+13,7.49042016946e+13,1.01640546566e+12,,
121,0.0,0.0,0.0,0.0,0.0,,121,0.0,0.0,0.0,0.0,0.0,,121,0.0,0.0,0.0,0.0,0.0,,
122,2.28096670269e+13,5.41105826092e+11,5.67931728976e+12,1.47827857271e+13,5.41105826092e+11,,122,5.18619829795e-24,4.29876745793e-26,3.62459281235e-25,7.66909158213e-24,4.29876745793e-26,,122,1.78622045849e-23,1.19385404312e-24,1.06752317161e-23,7.90362328868e-22,1.19385404312e-24,,
123,1.16443185885e-16,5.31475521672e-19,6.43334421363e-19,2.3608490885e-17,5.31475521672e-19,,123,197755.601373,1252.27623679,191.806707915,10034.6927037,191.806707915,,123,310616493.552,6089467.52457,1951187.872,137508162.671,1951187.872,,
124,3.02389220009e-15,1.56351783248e-15,1.91257870636e-15,1.01426094173e-13,1.56351783248e-15,,124,9.4811138791e-11,9.0967222793e-11,1.01217256018e-10,9.29847164886e-09,9.0967222793e-11,,124,4113344.99312,41171365.8419,1923153.8651,273031146.14,1923153.8651,,
125,6.67067666624e-10,4.91944337766e-11,1.41514818044e-10,2.49391900789e-10,4.91944337766e-11,,125,9.92526019969,2.39625274925,0.213474789604,1.64868804716,0.213474789604,,125,72482.9611656,2204.47837907,56166.9117866,131274.706208,2204.47837907,,
126,7.46576778728e-29,3.91342504335e-31,5.2525041956e-30,8.92961074845e-29,3.91342504335e-31,,126,832.520054481,10.415557219,54.2536868957,523.623454413,10.415557219,,126,1.94304543393e+12,12241495073.5,9.4260630118e+11,1.92630848454e+13,12241495073.5,,
127,1.40575572984e-14,1.68644741933e-13,3.06006761101e-14,3.61103241291e-13,1.40575572984e-14,,127,13291.5288719,671.121924025,547.368607609,6754.38787616,547.368607609,,127,11947.7494536,314845.354597,39769.0382184,1472221.26667,11947.7494536,,
128,29083.857055,382915.326724,46819.0901596,6929584.48836,29083.857055,,128,8.42987876789e-22,7.55864614169e-22,3.67239006621e-22,1.03919179462e-22,1.03919179462e-22,,128,5.48895762718e+12,1.29404442047e+12,3.85822019585e+11,2.75587369398e+11,2.75587369398e+11,,
129,1.91237481578e-38,2.73533491566e-38,6.14494758756e-41,3.72921842913e-39,6.14494758756e-41,,129,1082.81595587,13046.8628727,588.494883767,271261.600545,588.494883767,,129,1.33938351599e+13,7.94700928892e+11,4403081300.65,2.35563657754e+11,4403081300.65,,
130,4.10314246051e-07,4.92947711396e-09,3.22319507086e-10,6.9382562852e-08,3.22319507086e-10,,130,394877.225964,10905478.382,266170.914746,113381780.829,266170.914746,,130,1.09640566061e+11,1399440480.36,66167713.0318,1642857.40695,1642857.40695,,
131,1.37789445285e-30,1.94220014722e-31,2.01686270312e-31,1.25585980111e-29,1.94220014722e-31,,131,19417579.8405,160532.156478,90868.5383814,20144556.4373,90868.5383814,,131,929031.366638,27442619.9236,1072689.89987,293220684.536,929031.366638,,
132,0.134467239526,0.025401429592,0.0443732708409,0.571071399073,0.025401429592,,132,3046450602.09,349218683.437,88821225.054,5898982604.92,88821225.054,,132,6.40816287744e-09,7.24994703519e-09,3.27948273219e-08,4.05683093784e-08,6.40816287744e-09,,
133,9.80184789893,0.0961222414748,0.045770835745,0.0438936139558,0.0438936139558,,133,2.28564771518e+12,7873323883.37,24215140730.0,78991961465.5,7873323883.37,,133,1.06568532294e-16,2.93682264326e-18,4.21942561724e-19,1.87579665516e-18,4.21942561724e-19,,
134,0.0573606223275,0.00658196729253,0.0346740603526,1.07672558945,0.00658196729253,,134,1.57363506773e+11,1.162407893e+11,13305985003.0,6.74537871725e+11,13305985003.0,,134,0.0373759422038,0.000668904898229,0.0040641569622,0.499097896303,0.000668904898229,,
135,1.36933911888e-05,1.87546896751e-06,3.76509906308e-05,0.000853699261417,1.87546896751e-06,,135,15020060.6539,3946895.34057,561680.377466,11342773.7323,561680.377466,,135,1108672387.4,108261851.987,629546626.415,5.45886588973e+12,108261851.987,,
136,1.76992153633e-12,3.09461123743e-13,2.56224968509e-12,1.74845193256e-11,3.09461123743e-13,,136,0.0344525812085,0.00801891640698,0.0245474586567,0.195056935032,0.00801891640698,,136,6.73380368356e+13,7.49979228578e+12,4.2977978947e+12,2.74781192343e+14,4.2977978947e+12,,
137,8320159862.31,421753949.986,2489835594.01,10524529111.0,421753949.986,,137,44895.7158908,4063.82758988,4588.0835767,486780.781475,4063.82758988,,137,0.0013668862613,0.000174249883496,0.000205981003044,0.000735913856232,0.000174249883496,,
138,215159540.379,19814679.9928,13186015.2708,528261.795715,528261.795715,,138,0.00522024670897,0.00122464611536,0.00059759123096,0.00417484966999,0.00059759123096,,138,0.0142561266825,0.00113817540862,0.000695401396013,0.000780352763204,0.000695401396013,,
139,3.62855696171e-09,1.87233130371e-10,4.63670732702e-10,4.62410860649e-08,1.87233130371e-10,,139,3.9034953008e+13,3.86942477892e+12,9.04699251004e+11,1.50428154174e+14,9.04699251004e+11,,139,2.99040696668e-25,1.2151597813e-25,1.82883842771e-25,2.65890522277e-24,1.2151597813e-25,,
140,29226.281119,393.536235153,1944.55502121,811926.611066,393.536235153,,140,9.34253647897,231.970083528,138.259502415,27368.4376135,9.34253647897,,140,40555.5227702,13723.1539665,43842.8238317,89563.8908536,13723.1539665,,
141,2035029952.21,8676952.40698,48174808.39,10954434327.0,8676952.40698,,141,57361.066174,1433966.72125,741935.8613,146152809.783,57361.066174,,141,9.12439007565e-15,3.4745383304e-15,8.61010422088e-15,2.68185302104e-13,3.4745383304e-15,,
142,58124574022.2,188487619.123,987213403.297,2.85471278276e+11,188487619.123,,142,11144.0154555,44159.7677058,7638.22388922,3335959.56782,7638.22388922,,142,3.04491332871e-06,2.42139922953e-07,2.46356774404e-06,1.5533358279e-05,2.42139922953e-07,,
143,25665902.6296,147080.181368,465688.008246,181588535.029,147080.181368,,143,2255304176.02,86658047126.1,22193947286.7,2.31682901617e+12,2255304176.02,,143,1.68538455286e-18,9.53241588878e-19,5.80047282118e-19,3.83578572228e-18,5.80047282118e-19,,
144,3116382564.31,18864925.6433,111511554.403,3948976257.95,18864925.6433,,144,7.67713323098e-13,7.72548114003e-13,1.37729757167e-12,2.06278446425e-11,7.67713323098e-13,,
145,30840732018.5,190222723.107,613320390.078,4.80232726242e+11,190222723.107,,145,62551884.6456,2831337980.51,1151588997.62,74853488850.8,62551884.6456,,145,1.04053207808e-22,8.36072184412e-23,1.07715998719e-22,3.63173428245e-21,8.36072184412e-23,,
146,292321617.744,520459.44967,2637387.93008,550168928.188,520459.44967,,146,2.6836932829e-08,1.62213065642e-07,1.03069666384e-07,2.4174891101e-05,2.6836932829e-08,,146,2699910.04034,516199.287966,583965.250649,3468170.94565,516199.287966,,
147,3.68905425999e+11,1945359251.17,8361050618.3,4.95438628345e+12,1945359251.17,,147,4.36388967918e+11,2.05898430844e+11,4.84249458201e+11,3.23888778258e+12,2.05898430844e+11,,
148,1.10558443158e+11,456945114.476,1896579097.44,7.68005866148e+11,456945114.476,,148,45231115781.4,18707537687.3,48370717784.2,1.34007692602e+11,18707537687.3,,
149,18696431532.7,89000642.044,403321720.968,89942694814.4,89000642.044,,149,0.016495033354,0.179516601058,0.183753497014,86.2181891929,0.016495033354,,149,301166.024204,273537.826495,319181.098876,3725218.15544,273537.826495,,
150,20978691.2106,90646.5091541,294962.080055,90280615.8074,90646.5091541,,150,1.70943177394e-05,0.000376750258387,0.000143454226839,0.00490422237966,1.70943177394e-05,,150,1.65263858397e-05,1.94177831303e-06,1.38197337314e-05,2.04996064025e-05,1.94177831303e-06,,
151,268653426.646,3997767.15478,6314132.12277,701050265.589,3997767.15478,,151,182637217.957,2769607177.27,396186673.157,11363455860.2,182637217.957,,151,0.000242816249715,4.31589496876e-05,0.000202494407575,0.000761264275369,4.31589496876e-05,,
152,927624.729779,22192.7024415,55254.9908214,11571505.1032,22192.7024415,,152,684.444325729,8565.59704068,497.394324759,23989.2450684,497.394324759,,152,0.14967653423,0.188222750716,0.0868860110167,1.75402471946,0.0868860110167,,
153,24391019.6058,727162.267714,2272090.49583,2248713030.25,727162.267714,,153,30181102.2499,395225315.104,174263240.475,4675907159.01,30181102.2499,,153,2.37217323166e-11,9.51583063744e-12,1.22965678668e-11,7.73903898109e-11,9.51583063744e-12,,
154,0.000679122195422,0.000123337886623,1.95956217302e-05,0.00223798702229,1.95956217302e-05,,154,10798108.7832,214247857.652,43250599.812,2246545621.93,10798108.7832,,154,63.543278304,34.7563947604,20.5408939071,1373.99380683,20.5408939071,,
155,44283476.9355,548190.666333,1979488.30682,669149220.828,548190.666333,,155,0.156253311534,0.731918180112,0.477986408619,36.179418471,0.156253311534,,155,41129.3563633,11671.342944,93667.3947067,195006.520723,11671.342944,,
156,30390737866.3,89368487.6606,270876271.941,1.99912627661e+11,89368487.6606,,156,68623113.8148,1245684452.09,595451799.599,32338016121.1,68623113.8148,,156,1.77930770396e-12,1.55155854778e-13,1.45195086518e-13,2.345243847e-12,1.45195086518e-13,,
157,4.65972463389e-06,1.62651506144e-07,2.01174518405e-07,3.88505768039e-05,1.62651506144e-07,,157,234966942.202,7107557665.29,1604558500.05,35507271684.5,234966942.202,,157,111850.458707,26208.0962514,42288.4519413,1748214.81399,26208.0962514,,
158,1177367687.51,18453774.6517,83084218.1294,2370099596.21,18453774.6517,,158,2.29072986166e-22,9.22868348626e-22,3.84835950721e-22,2.727306072e-20,2.29072986166e-22,,
159,203.197656732,340.983202511,303.459254719,4488.52471628,203.197656732,,159,162.78631762,10.1622755338,5.1709897412,960.616128562,5.1709897412,,159,474023543.676,1501110.91358,16056722.2174,517697640.735,1501110.91358,,
160,3506.67944592,3316.65912818,1373.1659705,1303.63341737,1303.63341737,,160,9934199922.16,5.05704367346e+11,76555621155.5,1.37726314613e+13,9934199922.16,,160,3.59192898304e+11,1.11820461037e+13,2.25065338897e+12,1.03056492385e+14,3.59192898304e+11,,
161,36079508.4085,2017056614.91,3765393049.31,4717974727.2,36079508.4085,,161,1.4394513381e-05,7.98484707918e-05,0.000133823859853,0.00151823072341,1.4394513381e-05,,161,1584952822.82,89549857.24,133185525.558,4003679978.45,89549857.24,,
162,1334427672.59,19366095824.6,14271911983.4,1.07013852425e+12,1334427672.59,,162,243650.149825,89068.0120177,495269.588812,478718.765613,89068.0120177,,
163,436.494378012,5251.07905339,10659.4247196,41071.8461877,436.494378012,,163,5297614551.02,961334283.294,2310239677.69,647186867.744,647186867.744,,
164,0.0234996618484,0.365618168816,1.17319673386,4.66199205571,0.0234996618484,,164,5.53587469669e-05,4.36097136628e-05,0.000139771966828,0.000117157988499,4.36097136628e-05,,
165,54046468.111,17840278.9087,71095014.7834,30048883.8642,17840278.9087,,165,4.0881805282e-09,2.13850126188e-08,3.23579964711e-08,4.61259753938e-07,4.0881805282e-09,,
166,1.19252067338e+11,9800953887.92,32916547757.5,9247871740.51,9247871740.51,,166,203.895851449,2480.86758131,13876.1308951,124823.520574,203.895851449,,
167,19259881091.1,1695016030.18,4948285101.73,2732595037.81,1695016030.18,,167,1.5873172383e-08,1.34454381177e-08,2.91035209475e-08,6.37269618371e-08,1.34454381177e-08,,
168,4539202313.29,1.39248205405e+11,3.77588150114e+11,5.63721623895e+12,4539202313.29,,168,11924.5788383,8591.81675252,25063.1248544,33260.559402,8591.81675252,,
169,15090092.2133,431165189.541,446627985.889,12578679207.5,15090092.2133,,169,44284.6806112,6536.81357087,31123.0466561,9635.90938517,6536.81357087,,
170,14471544397.6,7.64452955445e+11,8.37672794082e+11,1.38723601513e+13,14471544397.6,,170,762046.523717,115136.013327,262143.460244,165343.06732,115136.013327,,
171,1.05593684487e+11,3.16792021302e+12,3.51857510936e+12,1.25374498675e+14,1.05593684487e+11,,171,178.045389043,11.2565336241,57.9758515097,78.3211441203,11.2565336241,,
172,24476422269.7,1.33310283416e+12,1.69696934735e+12,4.58507221542e+13,24476422269.7,,172,22827.5900744,5309.75032086,23142.9175859,20528.9629248,5309.75032086,,
173,6.68975045709e+11,80893926446.6,1.79687241906e+11,42034938001.4,42034938001.4,,173,0.060550483768,0.641181540655,4.87820995546,168.00416811,0.060550483768,,
174,1.63026048723e+13,2.02111429131e+12,5.36780979393e+12,1.50146522229e+12,1.50146522229e+12,,174,0.00620141955735,0.102623548778,0.151399909417,0.932956783882,0.00620141955735,,
175,0.0267445616093,0.0584174352615,0.0940085296308,3.09307378869,0.0267445616093,,175,157358524.912,35032270.777,251539174.235,7.12572326055e+11,35032270.777,,
176,0.011002837582,0.13146004742,0.0527940980008,1.88423175792,0.011002837582,,176,2768892.63258,263366.520187,72855.5555596,16236942.0687,72855.5555596,,
177,0.0,0.0,0.0,0.0,0.0,,177,0.0,0.0,0.0,0.0,0.0,,
178,4.34676870117e-14,4.25118483213e-12,2.45870180633e-12,8.21554360802e-13,4.34676870117e-14,,178,68918643980.0,9.92250737132e+12,3.15116359436e+12,3.97331941518e+12,68918643980.0,,
179,1061171857.69,508612302.843,1560550909.91,229464904.832,229464904.832,,179,1529397.9785,169925.402016,359299.636709,1630487.00849,169925.402016,,
180,38375829.451,4758412.10302,33632773.882,6770143.57438,4758412.10302,,180,5409312123.1,367509756.786,91665037.0351,8868057585.74,91665037.0351,,
181,1.96954134391e-05,1.69090283714e-05,5.14474207278e-05,2.49992003455e-05,1.69090283714e-05,,181,5537011004.11,383292558.345,109695263.192,8138074070.83,109695263.192,,
182,12800318.5511,2075607.97899,10172602.2591,8869997.40264,2075607.97899,,182,0.0103524940423,0.00724297826321,0.0135789049576,0.748069234973,0.00724297826321,,
183,8.75397343708,0.720469777749,0.58738406805,0.448357148046,0.448357148046,,183,75809868.5063,5555619.68659,26031947.5349,1.44921813862e+11,5555619.68659,,
184,7.90690124406e-07,1.30316288936e-07,7.45863825307e-07,4.40420044414e-07,1.30316288936e-07,,184,22523.5995504,4112.38804029,22644.9438268,81719610.9812,4112.38804029,,
185,594056871.751,53194556.929,107566208.773,103006661.852,53194556.929,,185,1609.56151192,242.299529771,11.1363428563,35.6222088199,11.1363428563,,
186,0.416601028348,0.0512013108352,0.0839887900493,0.144511596448,0.0512013108352,,186,5111746.345,641814.972435,39085.0772339,1816181.28682,39085.0772339,,
187,1.09531398081e-05,3.61796515367e-05,3.37586683793e-05,2.51097641519e-05,1.09531398081e-05,,187,315241.035572,75621.8120063,2582.59474053,304201.452647,2582.59474053,,
188,52103277442.5,11885779770.1,21152248001.2,8553387931.64,8553387931.64,,188,25.0761086871,571.582297156,767.922633513,403.171663899,25.0761086871,,
189,0.101803373441,0.310054090875,1.15400606079,0.168234178933,0.101803373441,,189,28551236079.1,2.32022081451e+12,5.49275883953e+11,1.29702266956e+12,28551236079.1,,
190,0.00790255576501,0.00311740890263,0.00426594831132,0.000847589476794,0.000847589476794,,190,10246098.3461,1030524183.76,190992610.229,247051313.513,10246098.3461,,
191,5134048.72769,941000.819582,4983323.75487,1021486.35051,941000.819582,,191,9.35683331395e+12,8.53544460807e+11,2.58489354446e+11,2.52613332806e+13,2.58489354446e+11,,
192,13097944.7547,1564350.06895,4706980.40063,2927543.50123,1564350.06895,,192,613716.049374,100828.135548,4414.76625306,33327.5639191,4414.76625306,,
193,8.10585450904e-10,1.43891185943e-09,3.62699862465e-10,4.71989981046e-09,3.62699862465e-10,,193,5.17417651601e+12,3.45293364275e+11,84597503819.8,1.41549737801e+13,84597503819.8,,
194,2.99941017642e-07,9.29361502322e-06,1.77167779715e-05,0.000151432725743,2.99941017642e-07,,194,1.0788709708e+11,51758925255.5,22914325196.3,7.18015785196e+12,22914325196.3,,
195,8.12174449519e-19,1.25531107719e-18,2.57856626619e-18,5.97734594969e-16,8.12174449519e-19,,195,7247771567.22,1027604059.89,6078459489.47,8.54841428218e+12,1027604059.89,,
196,4.93444681047e-06,1.36423441692e-05,2.17354518247e-05,0.00184917363337,4.93444681047e-06,,196,4417716304.45,373121817.703,2760913164.44,6.57095923144e+12,373121817.703,,
197,3.69403208414e-07,1.15995961327e-05,2.14773446797e-05,0.000186424083575,3.69403208414e-07,,197,6.55231473527e-25,3.21351312861e-25,8.04621307914e-25,1.24603535907e-23,3.21351312861e-25,,
198,0.354169714456,1.07248534418,0.778825775775,27.2069473287,0.354169714456,,198,702471888.244,95080638.6177,3456280.02937,546502501.776,3456280.02937,,
199,220055428.27,24640799.6303,48355900.5309,19027613.3963,19027613.3963,,199,7643484657.31,789266433.53,30082808.1839,6620858859.57,30082808.1839,,
200,1440903203.29,108966140.541,202794175.371,73788647.0424,73788647.0424,,200,64243851905.2,6266672232.97,253068721.335,45843420000.5,253068721.335,,
201,0.00492200306872,0.00158771515982,0.00247489096953,0.00331568566046,0.00158771515982,,201,84215431.3027,11988108.9725,672539.183053,101410515.124,672539.183053,,
202,5517039846.16,848033709.221,1628770566.29,1205520869.18,848033709.221,,202,17066.0152697,193216.996367,131289.01003,221649.238378,17066.0152697,,
203,0.000111058699341,0.000173448590967,0.000202324285562,5.93901695519e-05,5.93901695519e-05,,203,836520928.328,69100738623.4,11056075933.8,21842891605.3,836520928.328,,
204,7.98869327179e+13,1.06752021413e+13,3.07262106631e+13,8.48524302616e+12,8.48524302616e+12,,204,8022273441.24,1707667337.05,359220076.019,35286557078.5,359220076.019,,
205,24822.9709714,6697.40142247,13172.9915522,14255.027627,6697.40142247,,205,5.07197325144e+14,6.51551433437e+13,1.9029257861e+13,2.16263163564e+15,1.9029257861e+13,,
206,10.2501681757,4.71151097048,0.0,0.0,0.0,,206,3.49426024222e+13,2.60214782574e+12,0.0,0.0,0.0,,
207,8586026128.17,860469858.788,2962535774.04,1030753490.7,860469858.788,,207,8614105.65321,811630.809537,5558113.45185,10658194428.5,811630.809537,,
208,2164938002.11,427248010.305,1610084461.82,989813075.777,427248010.305,,208,118117537.966,14773095.8991,162487482.954,1.01278412192e+12,14773095.8991,,
209,0.00265070080242,0.000282473214042,0.000842122990971,0.00130921540403,0.000282473214042,,209,19327153.8682,1521015.23406,12613664.221,74093831672.3,1521015.23406,,
210,959608310.117,15213965995.7,31113609126.8,3.72835201728e+11,959608310.117,,210,2885293.05532,126357.777449,239582.586627,3223095.54093,126357.777449,,
211,6502836.70789,200247618.72,361731536.628,5913033882.38,6502836.70789,,211,2198654230.43,229747988.985,2255758956.31,4.93168487709e+12,229747988.985,,
212,52344150.559,1546029045.13,3927229699.73,99455985145.0,52344150.559,,212,12759943813.0,2154473313.32,26322150955.1,3.45611060601e+13,2154473313.32,,
213,36720775324.1,1.1974757374e+12,9.584547683e+11,5.55216959377e+13,36720775324.1,,213,3511570332.51,487716477.2,30493037.6015,5296728642.1,30493037.6015,,
214,78989649.6909,4242047652.07,2974345932.31,3.26564490771e+11,78989649.6909,,214,66407811919.1,6.98644771563e+12,1.63031607303e+12,6.14247640165e+12,66407811919.1,,
215,28563375632.5,3974562230.98,8725142821.34,2861006857.31,2861006857.31,,215,1.6422673109e+11,1.08926321355e+11,25990732829.2,5.80345585877e+11,25990732829.2,,
216,3.43942725829e+11,33008822869.8,1.40049379302e+11,96593307939.2,33008822869.8,,216,4451467.17555,769559.012972,6201052.43259,3887499395.49,769559.012972,,
217,550750983.086,41232499.0311,97760004.9515,45962072.2806,41232499.0311,,217,43687742800.2,3100109961.34,166036132.198,22041831504.7,166036132.198,,
218,36520475.3485,311968120.326,317908357.919,6750710921.85,36520475.3485,,218,1.37067190869e+13,2.06053418943e+12,1.04801852559e+12,1.23858183359e+14,1.04801852559e+12,,
219,2.74921118914e-07,7.11071957844e-06,3.61418226625e-06,2.26890757028e-05,2.74921118914e-07,,219,3.08691021366e+13,2.65351621652e+12,9.59512811248e+11,1.83557334065e+14,9.59512811248e+11,,
220,11.7775225844,34.8640059238,105.5925234,7518.97980882,11.7775225844,,220,2.93483500859e+11,36195792675.2,3.70565819864e+11,8.99108185496e+14,36195792675.2,,
221,0.14486770829,0.0326277337849,0.0554753560206,0.913949846005,0.0326277337849,,221,1.55539381896e+11,13679637416.0,1.09868142754e+11,3.67923541527e+14,13679637416.0,,
222,242443.827609,11372337.432,13874187.1225,125547482.702,242443.827609,,222,1.61601173005e+12,3.30208782905e+14,4.7156493526e+13,2.20445780738e+14,1.61601173005e+12,,
223,5.40304174365,67.7951735379,11.8831700185,67.5781523018,5.40304174365,,223,1.51602970628e+11,1.92780304594e+13,3.14944366797e+12,1.34643926613e+13,1.51602970628e+11,,
224,18576.8289422,88391.7663369,133454.450942,6863896.34195,18576.8289422,,224,7369705617.05,931647887.721,7709923115.12,2.06606947258e+13,931647887.721,,
225,34058489588.6,9.56313444525e+11,1.4436547355e+12,6.76948089754e+13,34058489588.6,,225,684707338.219,330491250.852,88009184.5801,4095822105.26,88009184.5801,,
226,81052688146.7,3.10625274611e+12,4.46875037884e+12,3.96616601275e+14,81052688146.7,,226,1931139641.68,272947675.9,3139429617.13,8.92697674055e+12,272947675.9,,
227,60120329949.5,1.83414795242e+12,2.33371970307e+12,8.84507526221e+13,60120329949.5,,227,349625118.125,40176031.8163,2452131.65167,335778811.33,2452131.65167,,
228,38214250028.4,2.01484508965e+12,2.52623554811e+12,6.53622903047e+13,38214250028.4,,228,21553704352.5,2.12580515361e+12,4.94202152453e+11,3.31976853616e+12,21553704352.5,,
229,5.35172218691e+12,6.61726994981e+11,1.91881591591e+12,4.90426382349e+11,4.90426382349e+11,,229,58520974245.7,35900839908.2,9619023301.53,4.34462363955e+11,9619023301.53,,
230,58576875505.1,5668937182.84,19390431469.7,5240906857.82,5240906857.82,,230,9548117.32681,687937.378243,4557292.94758,5223304408.04,687937.378243,,
231,1.86514505839e+11,17284993159.9,41526247468.3,11744099806.2,11744099806.2,,231,9290207391.27,628539615.2,45649884.7117,8369671385.7,45649884.7117,,
232,5.64208464617e+11,1.04085990813e+11,2.98924657094e+11,1.46797915916e+11,1.04085990813e+11,,232,5385825374.37,3.57383341944e+11,72348035062.1,1.70570302483e+11,5385825374.37,,
233,47653946.338,1547514547.85,1990938941.75,67772322754.1,47653946.338,,233,4.60674122704e+12,4.4676524998e+11,2.26033466157e+11,2.62301407263e+13,2.26033466157e+11,,
234,268.307855188,1021.55975893,2109.43724486,21678.7600129,268.307855188,,234,8.48477791525e+13,8.91251785931e+12,4.46412841921e+12,5.2274432294e+14,4.46412841921e+12,,
235,296789271.584,4535145543.84,4620428825.72,2.20520712858e+11,296789271.584,,235,25611786056.8,6666521883.59,58890530986.5,1.88413795071e+14,6666521883.59,,
236,0.000173478032971,0.000282170134863,0.00244845194631,0.122505456542,0.000173478032971,,236,7.25077089426e+11,81136594238.7,8.76955560136e+11,3.07249592386e+15,81136594238.7,,
237,19618.2821835,771432.699727,485236.851528,17384309.6072,19618.2821835,,237,1.29927073304e+11,21106088342.2,1005619095.67,2.73320542186e+11,1005619095.67,,
238,1.60923294369e-05,7.39226855507e-05,3.86608518263e-05,0.00352260305209,1.60923294369e-05,,238,1.60762012442e+12,2.39385475143e+11,10488444581.2,2.20954784653e+12,10488444581.2,,
239,40212.279221,11633732.4989,2458200.98205,504900763.427,40212.279221,,239,2.69407945949e+12,5.39995719329e+14,6.21403767463e+13,2.51464153227e+14,2.69407945949e+12,,
240,1.08928314384,146.070997148,21.4979550476,351.770422311,1.08928314384,,240,2.80727049689e+12,5.38116650633e+14,7.85840633773e+13,2.1996738355e+14,2.80727049689e+12,,
241,33769161886.2,8.39585338436e+11,1.03231890574e+12,9.87675107746e+13,33769161886.2,,241,2.40810587795e+11,37686022368.4,20171835827.4,1.70237333251e+12,20171835827.4,,
242,35046745.583,806016011.67,1868690820.95,54850220651.1,35046745.583,,242,1.09768105563e+12,66196913720.9,34169169559.4,3.68963748327e+12,34169169559.4,,
243,9.35710015078e-05,0.00845919151652,0.00321813930194,0.0459589759021,9.35710015078e-05,,243,5.03898486418e+15,7.71962184301e+14,2.6961421164e+14,4.92515453236e+16,2.6961421164e+14,,
244,45220735974.9,1.83384895825e+12,2.76076301986e+12,2.32978195903e+14,45220735974.9,,244,3004604298.17,402849522.508,5117159093.37,1.72938078228e+13,402849522.508,,
245,603572145.736,14862352626.0,20139572682.7,1.07871616264e+12,603572145.736,,245,16624809751.3,2779893538.75,32467622076.6,1.12970442209e+14,2779893538.75,,
246,0.0834805517508,0.0357809378592,0.163631901157,3.56060162451,0.0357809378592,,246,9.84903750922e+11,99607271675.5,9.62192634092e+11,2.6873669641e+15,99607271675.5,,
247,59553352133.2,1.55521905237e+12,1.54771340162e+12,5.46153567785e+13,59553352133.2,,247,9496211346.86,1915053170.51,57858678.5275,23525417232.6,57858678.5275,,
248,84845622.7528,1432252392.88,1219992614.67,32699645828.2,84845622.7528,,248,36701341664.0,5820809264.66,241395103.933,76494623236.0,241395103.933,,
249,2.05057838299e-05,2.72383241783e-05,1.01783626903e-05,0.000448502641091,1.01783626903e-05,,249,7.0426525223e+12,7.82702276142e+11,32970383110.8,7.31320911228e+12,32970383110.8,,
250,14887367241.2,9.86062020771e+11,1.20798008855e+12,2.66157767772e+13,14887367241.2,,250,39761651292.7,5.01107415944e+12,1.08980444307e+12,7.05598023215e+12,39761651292.7,,
251,12999908737.5,9.82752201972e+11,1.19108929565e+12,2.74131274279e+13,12999908737.5,,251,39268762857.1,4.8349538919e+12,1.05568153519e+12,6.60979119431e+12,39268762857.1,,
252,0.327134087623,10.2844010085,6.07296005415,10.2391796017,0.327134087623,,252,2.1054462734e+12,3.86465474297e+14,6.31152477513e+13,1.76772976307e+14,2.1054462734e+12,,
253,5.07265822491e+12,7.51374749132e+11,1.74975084718e+12,4.95698976372e+11,4.95698976372e+11,,253,84898621058.9,16423419229.8,5937219255.8,9.33788873186e+11,5937219255.8,,
254,5063872.9254,1065554.82575,2707157.83058,506317.737599,506317.737599,,254,2.04701495487e+14,3.07577758192e+13,9.10756820705e+12,8.27872324458e+14,9.10756820705e+12,,
255,175392219.107,26660447.9684,147087211.646,178477009.131,26660447.9684,,255,59400571.9176,10750997.5649,44836598.539,1.15233659288e+11,10750997.5649,,
256,94921.243604,13583.319553,67905.8883203,33582.3393659,13583.319553,,256,583504809.946,73298560.8542,682832129.074,3.2685732545e+12,73298560.8542,,
257,8.78722360268e-06,4.05347556317e-07,3.17953216342e-06,6.12681138132e-06,4.05347556317e-07,,257,4.56077555213e+12,3.34376016794e+11,3.51190787442e+12,1.34082367049e+16,3.34376016794e+11,,
258,916858.681141,96980.5723855,68187.1260854,56689.3821468,56689.3821468,,258,44988713856.3,4757355581.32,169315614.671,31706051249.7,169315614.671,,
259,2.45107215774e-06,3.02688060157e-06,9.10690031526e-07,2.80358944431e-06,9.10690031526e-07,,259,2.29677825746e-16,2.78123609489e-16,1.85781981071e-16,6.6049326051e-15,1.85781981071e-16,,259,3.02632192307e-05,5.62619695924e-05,1.3148947237e-05,2.42598266987e-06,2.42598266987e-06,,259,3604931.34806,58642619.3856,2220412.91949,113907143.836,2220412.91949,,
260,0.000323657989321,5.67930946399e-05,0.000268370311151,0.00584984106542,5.67930946399e-05,,260,9.28509494242e-05,6.61987642863e-06,0.000459019032149,0.303501199347,6.61987642863e-06,,260,1.32151311995e-14,5.7183157478e-14,3.47364386895e-14,1.08468803147e-11,1.32151311995e-14,,260,60908994021.1,60322985696.3,4.32352566203e+11,8.24799776379e+13,60322985696.3,,
261,6.40555909102e-31,5.35973257427e-30,1.04429485439e-30,1.91410988269e-29,6.40555909102e-31,,261,1.07834743629e-19,5.25682164342e-18,4.00021347558e-19,8.26868794609e-17,1.07834743629e-19,,261,1878031661.19,1980323324.12,9634555317.62,1.15796257917e+12,1878031661.19,,261,1.75899818513e+12,2.6369871037e+11,64814227222.0,9.10257566535e+12,64814227222.0,,
262,1.90449336909e+13,2.70950745406e+12,9.05935864186e+11,3.57586493125e+11,3.57586493125e+11,,262,8.25855532621e-11,3.58767884156e-11,5.75575736668e-12,8.75107556988e-14,8.75107556988e-14,,262,8.4635194061e-17,3.77094918999e-15,2.43694642465e-16,2.0446858473e-16,8.4635194061e-17,,262,212.958912199,22064.607797,1701.59037913,26919.4498422,212.958912199,,
263,4.86094320311e-18,2.11653011957e-18,6.76929711163e-18,8.79305045455e-18,2.11653011957e-18,,263,5.98505824381e-21,5.61357514987e-21,1.80143664379e-20,4.73951885389e-20,5.61357514987e-21,,263,6.27214439435e-09,1.12707724618e-08,4.66320614054e-08,3.59112489704e-08,6.27214439435e-09,,263,5.89927849568e+15,1.95393572501e+14,2.38130454637e+15,9.35018584693e+15,1.95393572501e+14,,
264,2.96553491705e-06,1.39491025525e-07,2.42330197185e-08,4.2939509807e-07,2.42330197185e-08,,264,1.93152438512e-08,1.96946291189e-09,6.80286584125e-09,1.49722710912e-09,1.49722710912e-09,,264,98.5814223196,1.8845190293,0.956926868869,10.4108574988,0.956926868869,,264,8.07813048179e+11,22160565793.8,376237456.765,2008131700.12,376237456.765,,
265,1.33066332597e-14,1.50236427407e-14,8.27339410659e-15,4.25180409548e-15,4.25180409548e-15,,265,2.68416840932e-21,1.82836785771e-20,8.82722322822e-21,5.18606843244e-21,2.68416840932e-21,,265,9.45305873388e+11,93761422522.8,53732969638.8,1225710941.98,1225710941.98,,265,399594825.304,17702495320.1,1689361006.58,2662710260.59,399594825.304,,
266,6.78687751435e-27,7.49478777854e-29,9.63562499171e-28,1.5941846626e-27,7.49478777854e-29,,266,7.62652804949e-19,2.2197861179e-20,3.7710296642e-19,6.73749361708e-19,2.2197861179e-20,,266,34494129409.8,1581610617.86,1031355923.43,1.28219961599e+11,1031355923.43,,266,6.82971617773e+11,14446207753.6,1.26445259845e+11,1.96457753058e+11,14446207753.6,,
267,0.0,0.0,0.0,0.0,0.0,,267,0.0,0.0,0.0,0.0,0.0,,267,0.0,0.0,0.0,0.0,0.0,,267,0.0,0.0,0.0,0.0,0.0,,
268,8.46995039936e-08,1.88189424581e-08,1.47431916681e-08,2.25306695885e-08,1.47431916681e-08,,268,2.16179671471e-13,9.36083189131e-14,2.05083613713e-13,1.79860200832e-13,9.36083189131e-14,,268,3.76522915071e-05,1.1217550905e-05,1.01596902002e-05,6.6566400863e-06,6.6566400863e-06,,268,2296568.37151,829918.73773,179732.189961,88806775.0607,179732.189961,,
269,6.32218298039e-13,4.23416616812e-13,5.01424729431e-13,1.35230992726e-11,4.23416616812e-13,,269,1.60833364646e-13,4.54876321953e-14,4.02839981066e-14,8.6543722209e-13,4.02839981066e-14,,269,1.14719548677e+13,9.89784155457e+11,3.35873550343e+11,8.37932577959e+13,3.35873550343e+11,,269,0.186348696331,0.694550892789,0.23043537681,18.5377322357,0.186348696331,,
270,0.0,0.0,0.0,0.0,0.0,,270,0.0,0.0,0.0,0.0,0.0,,270,0.0,0.0,0.0,0.0,0.0,,270,0.0,0.0,0.0,0.0,0.0,,
271,0.0,0.0,0.0,0.0,0.0,,271,0.0,0.0,0.0,0.0,0.0,,271,0.0,0.0,0.0,0.0,0.0,,271,0.0,0.0,0.0,0.0,0.0,,
272,0.0,0.0,0.0,0.0,0.0,,272,0.0,0.0,0.0,0.0,0.0,,272,0.0,0.0,0.0,0.0,0.0,,272,0.0,0.0,0.0,0.0,0.0,,
273,253747250.811,17297351.6805,6959250.32628,826544831.694,6959250.32628,,273,26.5047046637,0.437161509915,12.675555578,446.401073116,0.437161509915,,273,14284.5727587,1240.91561183,1469.00442181,84.904305859,84.904305859,,
274,3.96058078579e-14,1.46809012414e-13,3.86277252586e-14,3.1122443298e-13,3.86277252586e-14,,274,226298563.11,6789855932.09,1217565857.24,1850200372.37,226298563.11,,274,283.777833703,505.14220123,68.817783759,6577.66941684,68.817783759,,
275,0.0,0.0,0.0,0.0,0.0,,275,0.0,0.0,0.0,0.0,0.0,,275,0.0,0.0,0.0,0.0,0.0,,
276,925344.190066,38964.117801,18670.6867339,3417566.7088,18670.6867339,,276,9.30387813351,1.14925759203,1.49109605727,2.07630318857,1.14925759203,,276,3529.27419567,435.983394585,75.8239892704,36079.5933055,75.8239892704,,
277,0.0,0.0,0.0,0.0,0.0,,277,0.0,0.0,0.0,0.0,0.0,,277,0.0,0.0,0.0,0.0,0.0,,
278,5.45247629957e+13,5.72973182363e+12,62159260778.2,1.11264716447e+12,62159260778.2,,278,6.11094135611e-16,1.48597761971e-16,2.57538329448e-17,2.42672017288e-15,2.57538329448e-17,,278,1.45505447462e-06,1.51800679237e-05,3.70400496946e-06,0.000705670640491,1.45505447462e-06,,
279,0.0,0.0,0.0,0.0,0.0,,279,0.0,0.0,0.0,0.0,0.0,,279,0.0,0.0,0.0,0.0,0.0,,
280,1543646218.43,2943785.66956,7937958.56034,156359549.539,2943785.66956,,280,1481388.32525,222786.973104,263713.485842,102312.495232,102312.495232,,280,7.43038517821e-11,1.62934894031e-12,2.76147162357e-12,4.0088107342e-12,1.62934894031e-12,,
281,1336.80293184,22.1764076011,125.4600964,45.8970856408,22.1764076011,,281,1.04312321395e+11,4467012533.65,43350754356.2,1.38382786211e+11,4467012533.65,,281,476.387687772,432.238241764,1824.40616081,664.134803614,432.238241764,,
282,5.22713648573e-05,3.42961600238e-06,1.086474416e-05,4.04290148757e-05,3.42961600238e-06,,282,5405713829.93,16233570.8283,251963095.783,558207082.744,16233570.8283,,282,250827.749816,7258.92440902,56533.3138885,155879.560064,7258.92440902,,
283,3.15400550067e-26,1.23539967719e-26,2.31269118255e-28,7.23083305371e-28,2.31269118255e-28,,283,83.7829894401,541.24528628,25.9069500769,6754.02192167,25.9069500769,,283,60924466124.8,4118909908.02,23176190.9661,1616082900.01,23176190.9661,,
284,219990.9065,10743742.032,2650114.35618,7782504.39995,219990.9065,,284,640016.496856,123652.466648,4221.93995814,407246.326586,4221.93995814,,284,924542.29984,250086.885245,684772.679012,107605.211268,107605.211268,,
285,100102657.835,2900627601.16,901830372.183,1620730903.6,100102657.835,,285,41962.7684376,12632.0288063,390.405533611,18864.8824439,390.405533611,,285,29545.8470509,29999.0460874,64711.9883407,5873.54377767,5873.54377767,,
286,7256.84331337,436672.449342,142844.661502,406097.665724,7256.84331337,,286,641642.716698,113600.253279,3373.74048548,420477.742025,3373.74048548,,286,146106.334888,24656.1874003,51586.1049402,38904.3758919,24656.1874003,,
287,3419.53799723,119297.184679,50087.7329355,131077.404727,3419.53799723,,287,9011429.23723,2049545.37539,91237.046583,7577069.83197,91237.046583,,287,2849483.65874,434564.642633,698743.629621,724557.615063,434564.642633,,
288,5929.97282829,379596.316759,114525.292737,428907.105195,5929.97282829,,288,8780.65326208,3810.36512957,117.374653726,5844.97486249,117.374653726,,288,36166417.1168,6200477.80819,13527464.9845,4876188.60019,4876188.60019,,
289,303.23986801,15946.9143871,7303.09138432,12298.1779018,303.23986801,,289,487.772949745,574.327898527,21.5194301753,114.239234939,21.5194301753,,289,3232040641.04,726485157.422,1502797996.52,1045480726.08,726485157.422,,
290,109027198.168,8172976.78893,2798718.45433,242188982.098,2798718.45433,,290,115400.87118,22861.5461955,1167.71392871,157098.203767,1167.71392871,,290,12559157.3536,984863.007807,7132089.7909,20109862081.5,984863.007807,,
291,22014362265.3,1601757605.57,485566889.337,86374830673.7,485566889.337,,291,326649.316317,76331.9617241,7085.47215713,1533493.1089,7085.47215713,,291,19290580.5081,2568450.87101,16254862.3229,45009958791.1,2568450.87101,,
292,109853341.239,15207301.8274,4109678.50691,505726164.233,4109678.50691,,292,3863125.46478,560601.568243,20471.1601562,2893426.457,20471.1601562,,292,104201.55946,13316.3673163,45636.9142305,79532891.4243,13316.3673163,,
293,39797094.058,3630035.13514,486824.421293,146590180.839,486824.421293,,293,542431766.3,91815553.5462,4449478.21634,791816917.167,4449478.21634,,293,2089.07502312,153.202306143,389.973331083,573413.295738,153.202306143,,
294,125877888.393,29796524.4548,8706290.5485,1555094491.83,8706290.5485,,294,6325.81541983,719.572461992,62.8978545709,17209.8823737,62.8978545709,,294,47467378.6395,2717673.97221,21106462.76,43474448597.2,2717673.97221,,
295,425105.072101,90260.1622016,42354.2386776,10982958.4542,42354.2386776,,295,2.92624318598,0.347750507645,0.0517353436411,56.1563163765,0.0517353436411,,295,2041310522.5,123201272.168,723953181.37,1.52141423711e+12,123201272.168,,
296,621311.834584,71678.6509815,546959.643762,2126310343.06,71678.6509815,,296,17126633.2586,1295278.96993,4440464.9967,1344886.90865,1295278.96993,,296,893507764.213,57222651.8498,35313813.6479,2901851458.44,35313813.6479,,
297,109519765.165,9726892.60766,94462715.2671,2.43420504902e+11,9726892.60766,,297,11702718.0714,872189.023932,4681528.23176,1966295.46379,872189.023932,,297,131285330.78,9372889.95911,9674250.55737,1730563402.84,9372889.95911,,
298,2302.18829151,836.977104361,2060.10295611,3022471.61797,836.977104361,,298,81252581.2779,9929907.3441,26656816.887,8708501.92067,8708501.92067,,298,81688982.5924,6145920.80554,5059962.12955,389039644.671,5059962.12955,,
299,0.0295187732949,0.00853257054471,0.0325531168555,10.3556952774,0.00853257054471,,299,14485022631.3,3286372389.65,9265351564.58,5743215845.68,3286372389.65,,299,51506759.1127,3482054.89815,5422031.093,466037665.651,3482054.89815,,
300,811523.962555,63271.6835537,337388.719106,719410310.919,63271.6835537,,300,11925439.8997,1837918.00368,4246328.33924,2349768.93254,1837918.00368,,300,181482389.586,18313459.5235,5811640.299,506290815.376,5811640.299,,
301,241052.947439,18332.3171401,115756.650148,96685211.8131,18332.3171401,,301,29949705.8249,5562664.82753,11258251.6757,7693566.52852,5562664.82753,,301,51649412009.8,5282824007.74,2059588857.13,1.95693899447e+11,2059588857.13,,
302,547733.843427,119719.486631,4361.99066384,854912.300716,4361.99066384,,302,3609.58946605,761.559052941,4000.34598138,2906608.9071,761.559052941,,302,3638611.55468,164874101.773,38884055.3065,744472640.076,3638611.55468,,
303,18117734.3559,6597266.86102,241535.967498,51409124.9383,241535.967498,,303,103.832192743,35.1202234441,131.7956203,23371.2426201,35.1202234441,,303,12136611.1753,415625798.866,94447251.9472,2540930968.5,12136611.1753,,
304,128495.308507,34165.521003,1584.31151285,372487.347578,1584.31151285,,304,1221376.50824,68467.6759682,680779.436896,725118838.37,68467.6759682,,304,1224806.03829,22257297.9267,5536173.62812,134437001.891,1224806.03829,,
305,82668.2103879,28752.9603443,2338.60600247,904986.593336,2338.60600247,,305,6540181.50944,455227.202671,6076130.38802,6127291410.28,455227.202671,,305,10204.7405411,217548.167166,85950.8153787,9896313.78753,10204.7405411,,
306,10849.5550053,3578.51877362,196.928338929,39905.6933415,196.928338929,,306,164102.966486,16145.8288592,81785.607494,188461380.019,16145.8288592,,306,1184311.19478,73348736.9074,16455940.133,166006319.887,1184311.19478,,
307,7321.67913015,4768.96591825,403.462937522,208768.939809,403.462937522,,307,18757.1588487,4588.09123404,14606.9026572,17969452.7191,4588.09123404,,307,77109126.4218,3349287194.02,683773300.362,10686345761.4,77109126.4218,,
308,117811653.154,14057201.6473,40790028.6875,8303823.35166,8303823.35166,,308,9962.10063418,602.848976863,141.755256073,23344.0484798,141.755256073,,308,422845.057161,53252.3463264,452305.584414,1932186028.72,53252.3463264,,
309,12290438696.2,1168772252.18,3611432922.0,1457461012.85,1168772252.18,,309,151.186286453,6.94748203177,2.6288967849,545.003471201,2.6288967849,,309,468168.332983,18457.2381025,155506.227806,312331176.728,18457.2381025,,
310,1676231.25558,193114.856089,454440.204737,1273508.26545,193114.856089,,310,1274298.37917,167098.501051,5222.15170355,591663.224539,5222.15170355,,310,583759.920333,61362.4477627,534645.785325,858268591.188,61362.4477627,,
311,518833.378123,32936.0161097,68318.4951747,723395.856339,32936.0161097,,311,106731134.906,11452161.5277,567198.49265,74943817.6597,567198.49265,,311,7108.09404318,800.574398021,5159.80096798,4835683.21425,800.574398021,,
312,205189.028834,17837.6666535,38917.8014741,36549.4659704,17837.6666535,,312,35882.8826572,4024.24444461,232.250292543,31496.691795,232.250292543,,312,570684.293978,69306.50771,429222.303828,1405499381.49,69306.50771,,
313,15618.0109519,1421.72627678,3651.46401373,8286.64143647,1421.72627678,,313,80279.8150301,5072.49644092,448.678627039,46135.4872145,448.678627039,,313,396613689.428,34320673.844,229104393.636,9.85563089919e+11,34320673.844,,
314,17533034.4419,3388492.68066,911034.862128,50063074.7541,911034.862128,,314,1158221.07602,229414.197102,364849.080314,84258.8167917,84258.8167917,,314,5829.36442044,2780.75678672,128.83250926,2748.85448808,128.83250926,,
315,635021373.661,119821876.156,36740373.6927,1988357658.53,36740373.6927,,315,39088585.5572,4970397.4491,11078399.7861,4559439.806,4559439.806,,315,22.1898888117,10.8647515748,0.895728127897,7.7948004662,0.895728127897,,
316,765464483.384,104232960.342,29139956.5084,2542844569.74,29139956.5084,,316,308619957.079,26132979.2711,83321856.9019,23798802.2645,23798802.2645,,316,0.42047376106,0.0344945007899,0.0056697174883,0.394703174831,0.0056697174883,,
317,193461769.043,20675963.2236,6299792.01214,251874972.072,6299792.01214,,317,1.72491083266e+11,15609639482.0,44184309589.1,22783241196.0,15609639482.0,,317,5.94925657087e-05,4.19409524013e-06,6.12890759644e-07,5.37732985357e-05,6.12890759644e-07,,
318,168.466316864,70.4071982729,17.0899322102,5489.95921315,17.0899322102,,318,8667.29628315,1299.05212499,4237.06955735,3076.72037143,1299.05212499,,318,13548529.0647,2224991.19746,58290.2472064,7137371.0133,58290.2472064,,
319,0.00230477220195,0.000648288415552,0.000155081736665,0.0831538255736,0.000155081736665,,319,14754.7055792,1756.96856369,5856.43458309,24862.8927777,1756.96856369,,319,117402411.516,23593731.0814,941788.396173,162662594.743,941788.396173,,
320,2817486.00878,108710563.873,21979288.4087,128038655.512,2817486.00878,,320,33669.6933626,5960.58142787,391.564741519,20664.9673973,391.564741519,,320,8635367.07895,1404314.72733,2524508.48494,1293440.36888,1293440.36888,,
321,33395515.7573,973693860.325,213149178.394,1382952550.57,33395515.7573,,321,568.383080681,133.210371468,12.8317575027,421.303339848,12.8317575027,,321,47104.7972859,15036.9969045,25961.7362064,13475.5386241,13475.5386241,,
322,1.99708442227,46.9929648641,8.46635513458,192.322897127,1.99708442227,,322,126329311.731,23378594.2468,1159107.04064,145548223.886,1159107.04064,,322,184893.744209,17254.4940406,32474.417252,37426.3629424,17254.4940406,,
323,0.00140514257742,0.0239110292978,0.00437298934831,0.0657837191291,0.00140514257742,,323,5970387181.77,1325700223.55,66366884.3722,10875259528.8,66366884.3722,,323,1441418.01967,139633.177018,221893.012625,348610.928182,139633.177018,,
324,5.65117637276,125.824430328,50.9245480702,528.733169559,5.65117637276,,324,1363.7362991,561.267985893,89.4353634969,2304.87499482,89.4353634969,,324,2537398719.52,353321279.719,514301489.706,283876493.564,283876493.564,,
325,0.0136607069901,0.214519459252,0.119050277093,1.30670252658,0.0136607069901,,325,2.2846952191,1.38622316474,0.317116478643,6.4855386858,0.317116478643,,325,76924570397.7,9502954493.68,21077426860.0,11922414223.4,9502954493.68,,
326,10484559198.2,848530259.089,367504743.058,34883551694.5,367504743.058,,326,134863.094881,22948.5711225,837.930069225,117286.456546,837.930069225,,326,59141.7437274,3975.32488657,25936.5135514,20337946.2171,3975.32488657,,
327,1.34036144134e+11,11224090201.5,5018152308.38,5.07419771414e+11,5018152308.38,,327,4070992.11319,744174.518842,32066.5829878,4144121.53768,32066.5829878,,327,11615.8328836,993.949892884,4747.41966967,2583930.94799,993.949892884,,
328,8325.24972985,999.90858223,817.672751395,59971.8954767,817.672751395,,328,198158685.972,54973519.5156,2667925.15902,728449275.035,2667925.15902,,328,2097.14635214,478.901041657,1922.63063813,5569400.00379,478.901041657,,
329,44.49446929,6.32051430323,7.08269344123,534.431233683,6.32051430323,,329,1009314071.95,275376044.15,15561495.4388,5321857012.84,15561495.4388,,329,489.18486199,104.150098723,386.854683693,1122187.60617,104.150098723,,
330,10970641.0725,247403.863158,164465.13001,19697985.6472,164465.13001,,330,27977.7659771,1746.08347176,249.600348951,19166.9110465,249.600348951,,330,78114268.7812,3625155.98012,29675433.5897,71497134437.0,3625155.98012,,
331,5252772.66582,135510.051564,95048.9608885,12032852.8258,95048.9608885,,331,3396.23270637,205.792381936,31.1157244786,3441.11534697,31.1157244786,,331,770853834.062,31517810.7948,257879945.341,6.75789065911e+11,31517810.7948,,
332,2685490.89616,310157.217097,2169297.26285,3861792930.04,310157.217097,,332,82137130.241,9728421.42087,41133151.88,34594871.6277,9728421.42087,,332,2142943.10462,330187.455709,124762.842318,4634718.94097,124762.842318,,
333,14464592.2343,1606779.06541,12543729.1868,18396511615.1,1606779.06541,,333,18471782.0089,2204632.2385,10034200.3823,14192334.0626,2204632.2385,,333,5485634.94761,1194733.53758,595529.949736,15424686.9994,595529.949736,,
334,14524.8469889,3678.23607956,14104.8870665,12608182.845,3678.23607956,,334,1094732032.87,195479501.452,659592800.457,265760961.233,195479501.452,,334,870450677.855,107082590.574,44469091.9117,4359040265.34,44469091.9117,,
335,164.789047251,46.2992103468,173.519294068,88940.8198685,46.2992103468,,335,2986906706.07,608735817.928,1888219359.66,952471725.969,608735817.928,,335,1207926765.66,131141680.395,86319494.2278,8736948040.06,86319494.2278,,
336,170413.674137,16102.3964263,157591.271326,160570587.575,16102.3964263,,336,18956651.299,2262192.73794,9263222.29072,4124313.65386,2262192.73794,,336,4244695295.07,312996330.981,151980015.105,8471726851.33,151980015.105,,
337,6519.58036114,526.606015379,5037.12427116,4313967.86002,526.606015379,,337,18437204.4282,1975026.70112,10311768.5292,7790471.06166,1975026.70112,,337,51693290634.6,3146915854.35,1764429607.8,1.1007506143e+11,1764429607.8,,
338,34138259.273,10203921.3662,385751.268343,58946609.4284,385751.268343,,338,15467.136057,2535.8086271,7109.61096967,7550787.706,2535.8086271,,338,62779.289081,2396034.91216,475654.879871,17836186.166,62779.289081,,
339,139258727.594,49578406.1342,1931520.37503,236478780.297,1931520.37503,,339,320.864989011,60.61501072,128.887717491,98794.6417653,60.61501072,,339,2539.45708102,60046.1355387,13487.3670624,650976.551629,2539.45708102,,
340,232238.094627,46989.5499234,2865.88020748,294568.853793,2865.88020748,,340,16310251.0842,1684844.88553,12246931.1372,20265191534.1,1684844.88553,,340,29585.4022098,1818680.72805,467121.549146,11419492.5821,29585.4022098,,
341,6753.47896285,1759.32053408,101.817974717,11093.7958042,101.817974717,,341,93589896.6878,12282257.4535,74323772.1589,1.00423662365e+11,12282257.4535,,341,1204.79030985,52697.4417105,15446.1488387,465586.973456,1204.79030985,,
342,1062790.09012,321000.320206,12801.5281658,1283748.0471,12801.5281658,,342,14041.166658,2314.33286731,4573.01035429,14093855.3159,2314.33286731,,342,12383425.5186,979648289.934,185297682.087,1892368715.49,12383425.5186,,
343,467226.265607,156799.198639,7510.71584187,423970.936955,7510.71584187,,343,7111.10868215,1688.64184773,2336.64165317,4839404.34422,1688.64184773,,343,68428653.2958,4498406596.39,860626132.474,11285196058.1,68428653.2958,,
344,715823824.394,50260994.3576,114719043.971,67181038.2925,50260994.3576,,344,99693.5664516,9606.8251603,800.113674841,35046.895998,800.113674841,,344,3388.5607878,439.479563517,1540.98061506,1244773.69778,439.479563517,,
345,4653616341.44,292281029.939,699216848.49,443310798.208,292281029.939,,345,152597.991016,12551.792358,1269.90315617,40271.9717045,1269.90315617,,345,488.090357686,70.9972425226,259.96158558,84363.4765124,70.9972425226,,
346,5002.23500496,724.610233447,1275.82420603,2215.48701993,724.610233447,,346,46788679.3694,5705339.33944,393743.480758,44541451.4922,393743.480758,,346,71416.4145392,5108.42559822,27783.3122166,76460540.5297,5108.42559822,,
347,313.248265086,67.3022522354,108.408342187,196.876795142,67.3022522354,,347,766113433.562,87124145.3884,7016121.73404,1208774677.64,7016121.73404,,347,34648683.0316,2448854.04473,12261998.8899,40998361654.0,2448854.04473,,
348,1394703.28853,92057.6313242,217794.030512,323280.306274,92057.6313242,,348,1977.73471726,117.436456539,33.7066568869,4703.37910591,33.7066568869,,348,29303611.03,1684657.57556,11599271.6877,35345299362.7,1684657.57556,,
349,75523.1552852,4984.49805418,12119.6894409,20503.190575,4984.49805418,,349,65.6511098211,3.27274190795,1.13440496788,151.349993653,1.13440496788,,349,375358931.524,16136350.8253,125960996.047,3.1252221796e+11,16136350.8253,,
350,7907244998.92,560226952.177,236337771.34,18550954347.6,236337771.34,,350,399850771.385,37094014.5105,76673465.5998,40404788.617,37094014.5105,,350,205908.627183,27281.9056577,1037.34819593,80443.0342339,1037.34819593,,
351,1.62160420503e+11,9231943208.17,4025051729.89,2.60405845777e+11,4025051729.89,,351,48472465.1577,3718024.72528,7286367.48063,4254159.32082,3718024.72528,,351,108345.798842,11651.8372826,543.227366786,23932.608136,543.227366786,,
352,1736.51651323,505.367063151,63.1805660393,16301.35423,63.1805660393,,352,7519607800.1,595866379.374,1535533945.07,1114792749.94,595866379.374,,352,122728.838865,43766.3554388,1349.50725775,188442.668232,1349.50725775,,
353,3797.86068025,1393.59102104,162.201433663,45412.6120245,162.201433663,,353,1.02084461351e+11,7384122885.12,17830476404.6,16976177813.1,7384122885.12,,353,1197248.64809,257610.205699,12599.383854,996144.788233,12599.383854,,
354,4174008.48133,356398.388949,126071.145069,10608128.8659,126071.145069,,354,105358.755996,17009.197344,30483.8404432,55765.8923003,17009.197344,,354,131433234.085,17973932.5493,684645.720187,73419334.0943,684645.720187,,
355,12272502.5394,1058168.51643,345026.054105,31794430.0421,345026.054105,,355,78.0658543946,10.0540651414,16.989051724,38.2451636292,10.0540651414,,355,2110273769.53,254173562.704,10731833.1399,1284140651.32,10731833.1399,,
356,1.01250716306e-11,1.10184027576e-11,2.5988026686e-11,5.39632271863e-09,1.01250716306e-11,,356,669152948.459,9240735.33141,459336580.418,11648859058.4,9240735.33141,,356,193623544.861,1618874.99482,1679258.37776,177506492.356,1618874.99482,,
357,3.13497118356e-07,1.39576210668e-06,3.28186866911e-07,8.54012366493e-05,3.13497118356e-07,,357,4526907.82153,77234.3572532,2490542.91272,91529191.5963,77234.3572532,,357,2227729586.7,17746422.0019,19240224.2406,1790510070.41,17746422.0019,,
358,0.00573222038085,0.00927035406494,0.00181908228514,0.0836374659721,0.00181908228514,,358,4286621705.57,76403940.7788,1901425511.57,42412638511.0,76403940.7788,,358,8075.0409359,117.500297376,92.359377886,5727.50265773,92.359377886,,
359,5.6400304909e-06,2.67488083219e-05,1.47611991165e-06,6.38306121216e-05,1.47611991165e-06,,359,1064707857.08,122413414.365,1069268.04363,10118752.3344,1069268.04363,,359,2.05849383381e+11,1098549185.51,83983817.9446,4116745.89828,4116745.89828,,
360,2.01556576273e-09,1.09110900764e-09,1.07348911045e-10,1.47728353308e-09,1.07348911045e-10,,360,9.39591849801e+11,78063381474.2,591004756.463,7980620355.75,591004756.463,,360,6.72119818912e+13,2.31665023373e+11,28069692282.2,667889369.324,667889369.324,,
361,6.70449821665e-05,1.59171310971e-05,2.98936747943e-05,0.00112478458817,1.59171310971e-05,,361,480004231.615,3865802.33786,3234516.64726,298353816.511,3234516.64726,,361,284204.911205,2674162.85775,133887.253207,34507031.9869,133887.253207,,
362,4.4437897533e-19,7.98440348819e-20,1.47455707098e-20,1.40826560987e-20,1.40826560987e-20,,362,2865438.44033,32884625.419,1637001.33811,411755465.795,1637001.33811,,362,9.50240349527e+13,4.98417197225e+11,56561853305.9,917454362.693,917454362.693,,
363,0.176135078598,0.496064070861,0.0310822580922,0.414474850893,0.0310822580922,,363,89364518320.5,8871452815.78,63515654.014,1022740000.26,63515654.014,,363,3.08414648511e+12,13119304873.8,1637094504.63,36573614.2578,36573614.2578,,
364,8.4563261952e-11,2.87860779595e-11,2.02828830529e-12,3.48968197144e-11,2.02828830529e-12,,364,4.4152125824e+11,25720621093.8,198699695.37,3183841551.83,198699695.37,,364,5.76354970358e+13,2.09880452916e+11,23326872999.7,718100632.478,718100632.478,,
365,3.28737736264e-06,8.94397424589e-06,1.31143422507e-06,2.07117945877e-05,1.31143422507e-06,,365,1.55967070003e+11,8765305364.25,96009296.2789,1141797854.8,96009296.2789,,365,9.22387324528e+12,39783933998.7,5604576709.7,103826665.212,103826665.212,,
366,0.0452177314244,0.00712687074077,0.0254568280281,0.199647383385,0.00712687074077,,366,227259.216734,1242721.83541,92807.8723874,25512641.4773,92807.8723874,,366,95708535.0866,1566165.96535,616751.454785,33542893.1456,616751.454785,,
367,2155.46053868,53.3874507059,518.772501901,8187.87989133,53.3874507059,,367,2573.51027073,10589.1315604,1414.2394713,95136.1664659,1414.2394713,,367,514856392.526,3287401.0825,3645685.54464,230813559.899,3287401.0825,,
368,2.61215412519e-05,2.35305765657e-06,9.10685909608e-06,0.000637637997114,2.35305765657e-06,,368,112760806.478,1778492.11625,789300.199331,60025353.9832,789300.199331,,368,725668.50054,5666988.00037,262875.370682,64632991.2142,262875.370682,,
369,8.02695861432e-11,3.41226210528e-11,5.08605410291e-13,8.67444600234e-13,5.08605410291e-13,,369,739802.00274,8420008.04238,341424.281859,76155066.5092,341424.281859,,369,3.03844837485e+13,1.66594749186e+11,16353628681.4,325812384.284,325812384.284,,
370,332.06881137,114.528679695,1.5168507547,13.04880328,1.5168507547,,370,3668274.22703,63158559.6285,1908824.81116,478560603.904,1908824.81116,,370,205179.212272,39588.3310535,2705.27161854,91.7847914625,91.7847914625,,
371,14.2608311604,0.169349771246,0.0145642873673,0.000863870786061,0.000863870786061,,371,3061633659.76,446625115.804,4438702.68492,47030126.8414,4438702.68492,,371,102545.276842,1286897.49237,45135.4499771,16283795.3168,45135.4499771,,
372,4.4437897533e-19,7.98440348819e-20,1.47455707098e-20,1.40826560987e-20,1.40826560987e-20,,372,2865438.44033,32884625.419,1637001.33811,411755465.795,1637001.33811,,372,9.50240349527e+13,4.98417197225e+11,56561853305.9,917454362.693,917454362.693,,
373,3.40637797547,0.86619956263,0.0540475214733,0.00316147832511,0.00316147832511,,373,1.66481878881e+11,31912764847.5,293304643.293,3128775649.37,293304643.293,,373,2358890.43568,16948131.5444,800891.591872,198499962.926,800891.591872,,
374,0.00314628938074,0.000201319230762,8.08017636841e-06,5.93306171402e-07,5.93306171402e-07,,374,56286061910.2,9455204161.74,87240769.8415,1226144572.89,87240769.8415,,374,575522.389938,5865242.01961,205833.956066,58017253.5807,205833.956066,,
375,0.260012482546,0.006320526099,0.00438827220263,0.141944730168,0.00438827220263,,375,1630700.45317,69528.0682779,1027209.80012,36397402.3107,69528.0682779,,375,1241703.7608,11914340.5921,669752.604426,168887105.606,669752.604426,,
376,4.33289281282e-12,2.12422211143e-12,9.61370848024e-13,3.34679641472e-11,9.61370848024e-13,,376,4124209.36196,143233.169355,3364730.42717,171696391.592,143233.169355,,376,2806258.43539,29819464.6016,2108030.65744,283205091.181,2108030.65744,,
377,0.000626944555301,0.000299467989546,1.40303598784e-05,3.02885887541e-06,3.02885887541e-06,,377,1.14767172367e+11,22264596307.2,181968147.659,3095588816.92,181968147.659,,377,2219219.93351,24688334.6092,942155.652425,239121414.608,942155.652425,,
378,3067749.83745,42045.2249804,22732.4846554,1722493.46967,22732.4846554,,378,28923.2840899,624.259304,12718.0473953,473947.883523,624.259304,,378,24883.8993882,175682.040052,10181.0537079,2535014.05712,10181.0537079,,
379,1.56706465543e-11,6.60436501261e-12,9.33277289762e-12,1.85998094504e-10,6.60436501261e-12,,379,129713778.248,695273.086157,36790178.5336,1382081296.51,695273.086157,,379,4748807255.79,34937614.4858,42258751.9257,3140971379.66,34937614.4858,,
380,0.000330908321215,0.00491645693046,0.000399810119173,0.0940626669111,0.000330908321215,,380,58033499.457,1206596.88664,39902929.1906,1306675094.7,1206596.88664,,380,7825864.34203,100114.019053,71345.5962717,2877022.29848,71345.5962717,,
381,4.85245289831e-07,9.28498778578e-08,3.69827546185e-07,2.00758859014e-05,9.28498778578e-08,,381,82668290.2198,1964185.20337,73418033.8074,2239798622.1,1964185.20337,,381,56742.1185285,207590.93742,34835.2610763,6143289.46367,34835.2610763,,
382,4730.23123749,38.1572347167,1.62233354632,0.101006555058,0.101006555058,,382,19211079.2768,940265.068578,33838.4431714,154471.344775,33838.4431714,,382,440.664142801,3831.55205763,202.128434862,156056.749343,202.128434862,,
383,3.40637797547,0.86619956263,0.0540475214733,0.00316147832511,0.00316147832511,,383,1.66481878881e+11,31912764847.5,293304643.293,3128775649.37,293304643.293,,383,2358890.43568,16948131.5444,800891.591872,198499962.926,800891.591872,,
384,1.95636677789e+11,5215520615.83,7813662041.01,68310486.2879,68310486.2879,,384,11995.1298888,169.013834991,1286.7446954,192.246287129,169.013834991,,384,0.00733041878576,3.314638622e-05,0.000177117779358,0.000864323371093,3.314638622e-05,,
385,30892.7877846,1093.88641287,3452.91691479,15414248.0993,1093.88641287,,385,0.0255717261426,0.00103204825902,0.00148882006298,1.3378054827,0.00103204825902,,385,0.0383899164861,0.0426511338936,0.0190610143235,19.7303243232,0.0190610143235,,
386,4977225.53192,10111.1497527,6225.18225958,138706.764491,6225.18225958,,386,464.754305478,68.8468083859,283.223738043,7379.2123386,68.8468083859,,386,8.59513677313,0.382123603885,0.380438812681,0.072470178898,0.072470178898,,
387,353690.548506,13296.4571444,69020.9092171,302220985.053,13296.4571444,,387,247084.03294,2199.85032767,6296.36054289,1275131.23308,2199.85032767,,387,0.0407872790486,0.102177315947,0.00526574314117,0.911913395024,0.00526574314117,,
388,165.032523404,17.3787356941,4.08097395016,1.65271309244,1.65271309244,,388,7484647.94792,204686.892898,835542.163754,19647603.1964,204686.892898,,388,0.000913943987392,0.00012923231099,5.48781309193e-05,0.00166351093114,5.48781309193e-05,,
389,1.42406362706e-10,3.55560794344e-13,1.01230701971e-12,2.34089828767e-13,2.34089828767e-13,,389,1.63314813966e+15,5.47421302957e+12,2.29203363463e+13,3.13607135648e+13,5.47421302957e+12,,389,3.45309660092e-23,5.45329689659e-25,2.46490997648e-25,1.40154170313e-25,1.40154170313e-25,,
390,317352517.08,1177660.89071,426495.328227,6057353.64882,426495.328227,,390,41455.0643255,21493.2993719,85080.2415516,4645670.92962,21493.2993719,,390,509.411944662,85.4931046612,27.7942138922,199.969096334,27.7942138922,,
391,75372.0244944,268.142436589,152.207674692,53.8444624794,53.8444624794,,391,5.77678939641e-17,2.09808942172e-19,4.04417286056e-19,9.33612964921e-20,9.33612964921e-20,,391,2.2565356395e+11,506434785.167,1557593820.01,13408383643.8,506434785.167,,
392,6347755.59158,68438.8915409,213008.51033,131611539.9,68438.8915409,,392,39843604.2747,1401344709.32,471810617.931,14754058171.7,39843604.2747,,392,92277103.0113,51638520.6248,119273519.516,878905508.201,51638520.6248,,
393,60655808.1824,1064167.72686,3515205.10563,1566189835.73,1064167.72686,,393,459875.057223,5111434.99116,2372084.47384,126341201.352,459875.057223,,393,638750104.285,315788629.372,709558439.567,4319098157.27,315788629.372,,
394,838.289508908,26.6025020682,55.9863171455,6744.501484,26.6025020682,,394,331124299.777,8664020619.09,2466487104.84,99652247326.5,331124299.777,,394,465.104625785,418.974567657,318.021553629,1608.07646973,318.021553629,,
395,61573052.2712,1051959.12762,3106522.2756,1766975823.49,1051959.12762,,395,8542635.31266,130993162.387,40750635.237,3259656369.05,8542635.31266,,395,41933588.7048,6810031.83527,37574826.2283,220010353.444,6810031.83527,,
396,23944201.0126,347413.421996,1220415.18751,533881352.656,347413.421996,,396,27675586.502,488840084.359,144637274.783,10018528081.3,27675586.502,,396,60640.2131322,29965.3942972,47289.5479188,326725.885258,29965.3942972,,
397,34695993.4896,475180.272634,1573978.69526,825897407.078,475180.272634,,397,2490145.51575,41469101.7565,15425312.3575,1077263388.33,2490145.51575,,397,1074193082.29,505327097.839,1101441110.3,7959815558.28,505327097.839,,
398,31588761.0484,500111.862075,1550480.82003,715067624.034,500111.862075,,398,4787116.6095,60327910.0979,24729018.3641,1848421595.16,4787116.6095,,398,118734721.047,55522448.4038,90719482.3681,669206923.255,55522448.4038,,
399,32459304.183,507041.983989,1356067.64213,674369799.546,507041.983989,,399,30327.1426687,408574.172268,76377.2684213,9040190.91434,30327.1426687,,399,460400511.325,220023309.06,424282347.038,2906971726.81,220023309.06,,
400,10176636.2148,175959.519248,520749.089788,216881704.11,175959.519248,,400,9111749.80786,136976254.249,46187568.3836,5363710472.74,9111749.80786,,400,338963736.273,154160458.307,319103924.732,2788789806.85,154160458.307,,
401,17555859.793,270889.551125,844184.874137,426184328.886,270889.551125,,401,5843805.25144,95063833.7203,31823600.1838,2302851183.01,5843805.25144,,401,269582881.706,126365629.973,257609750.323,1787256048.4,126365629.973,,
402,10176636.2148,175959.519248,520749.089788,216881704.11,175959.519248,,402,9111749.80786,136976254.249,46187568.3836,5363710472.74,9111749.80786,,402,338963736.273,154160458.307,319103924.732,2788789806.85,154160458.307,,
403,17555859.793,270889.551125,844184.874137,426184328.886,270889.551125,,403,5843805.25144,95063833.7203,31823600.1838,2302851183.01,5843805.25144,,403,269582881.706,126365629.973,257609750.323,1787256048.4,126365629.973,,
404,9122328.45839,138298.745837,438284.829806,211650376.767,138298.745837,,404,7650033.44904,129958792.727,40303589.9471,3350605952.71,7650033.44904,,404,318593384.917,140729224.03,286836404.617,1869436087.7,140729224.03,,
405,49490696.2114,743117.038213,2386619.82697,933612499.46,743117.038213,,405,40365494.4296,522581377.858,203133782.698,17561869218.7,40365494.4296,,405,28868.6305893,5897.77073388,30576.6889208,157966.844828,5897.77073388,,
406,3692914.67228,74576.7295601,204167.899346,50115455.2908,74576.7295601,,406,41092085.6835,695862415.959,241384512.263,19095674322.2,41092085.6835,,406,578984.048577,342093.101344,574469.473235,4064523.6531,342093.101344,,
407,573488302.851,7845257.09521,29019804.6318,11888926525.9,7845257.09521,,407,34.1316582124,159.687191214,241.812007454,24265.702572,34.1316582124,,407,275968443.773,113020620.322,153288762.263,2947317183.99,113020620.322,,
408,11628183.695,178778.859658,581136.248083,279070433.976,178778.859658,,408,9618984.02351,155959520.907,50030709.4449,4272105661.55,9618984.02351,,408,387719205.588,178703314.959,359373919.782,2626226727.99,178703314.959,,
409,28480528.2583,421328.071051,1329296.73785,822777627.562,421328.071051,,409,4139684.85855,64147730.9681,21653069.0144,1588730050.69,4139684.85855,,409,363086218.652,156509109.09,321225549.863,2538941842.67,156509109.09,,
410,13772599.7113,209553.217044,636672.42425,323223325.722,209553.217044,,410,4647612.00704,79215305.2949,25636361.0807,1806122669.54,4647612.00704,,410,221519392.284,99513190.6434,205612735.12,1272228676.69,99513190.6434,,
411,3314600062.44,33731652.4262,134464680.967,40789957590.4,33731652.4262,,411,37126.289912,231600.615338,247661.933346,14981026.2397,37126.289912,,411,149041.618438,129321.293879,149181.655923,1581019.5351,129321.293879,,
412,1285830.64296,45914.2241021,113761.345939,10631389.7396,45914.2241021,,412,63514368.6088,1152097771.95,362507164.051,29603765152.3,63514368.6088,,412,12005.5152406,3714.5692328,7802.02305323,32899.2560351,3714.5692328,,
413,13545970.5517,461774.242435,1134822.93462,316475830.89,461774.242435,,413,90764106.162,1541508462.54,400828502.471,46307915604.7,90764106.162,,413,137838.974998,75768.4040865,154950.734467,752168.475784,75768.4040865,,
414,767290.844036,13769.422541,36151.8627855,49604616.6545,13769.422541,,414,4911135.1242,53637540.9316,24197387.0038,4025342363.37,4911135.1242,,414,393502152.619,189827645.458,422580560.484,3021062203.85,189827645.458,,
415,37833377.7383,494239.159293,1502306.15218,752934526.521,494239.159293,,415,4008363.99408,66357371.923,24861885.3171,1776091690.81,4008363.99408,,415,6546722.27604,3148828.71881,4719313.73444,40341965.2469,3148828.71881,,
416,30347300.7082,444311.494995,1630059.2234,89304340.5981,444311.494995,,416,51807.4480867,1163.97835587,9265.52530702,92685.4043835,1163.97835587,,416,46094001.7126,59264.0883833,351157.496052,15288199.4993,59264.0883833,,
417,129270.691076,230276.168506,77919.404424,108745.964288,77919.404424,,417,94690252450.4,6.24765110096e+12,1.24615656515e+12,2.50326304866e+14,94690252450.4,,417,13110678435.2,3.38816208327e+11,66381653921.5,3.12307770579e+12,13110678435.2,,
418,11935760572.2,8690192003.68,342896588.537,13315100940.2,342896588.537,,418,58219707.101,1974430.82759,296338.117542,33517317.2845,296338.117542,,418,206618114.395,27711941.6647,8289995.6838,302097053.993,8289995.6838,,
419,567.288633818,738.09319166,357.398765167,22942.3557391,357.398765167,,419,34629413.5284,964552.085142,2027068.0148,84286762.6126,964552.085142,,419,4413410970.69,1150406703.77,814942218.104,764771259.429,764771259.429,,
420,389021.626104,34083.8088031,1064511.71705,2294534.4086,34083.8088031,,420,56600410.9657,505737.312793,2174525.83137,393790276.238,505737.312793,,420,2008947.93887,1644816.70329,3093015.0889,56872756.2725,1644816.70329,,
421,468624.098111,37148.2473123,455241.002598,2975637.01524,37148.2473123,,421,4636.17076749,21513.7345908,59370.4009388,86055.8694564,4636.17076749,,421,6957376514.17,190564607.761,51674569.3922,6340457485.4,51674569.3922,,
422,304.348361346,49.6097033312,271.487953444,2364.95496126,49.6097033312,,422,526057.392886,17238457.7514,2865213.75605,154633967.824,526057.392886,,422,3085.43295669,5204.79137575,2014.14077281,98218.8960795,2014.14077281,,
423,160.692871945,23.3686580566,5.40345389823,396.613773553,5.40345389823,,423,0.18947201212,0.00145852677995,0.0145243780222,0.616292615761,0.00145852677995,,423,481750859.047,63240090183.4,2.96618633508e+11,62152236927.5,481750859.047,,
424,49137.549016,720.217612023,689.437189516,18262.4755245,689.437189516,,424,37667156584.6,30428648194.6,1864651290.36,35126328947.6,1864651290.36,,424,60.6379773507,38.4050695181,19.5930833037,2948.24079167,19.5930833037,,
425,13.8159909674,32.2632630188,9.66926007588,1319.11672765,9.66926007588,,425,474906605.693,21080689778.0,4499998844.35,50640677006.4,474906605.693,,425,2.04813274773e+11,5.26764290992e+12,7.07585103236e+12,5.39962075466e+12,2.04813274773e+11,,
426,253737848.414,411245.543746,2564053.76173,295708390.731,411245.543746,,426,234.631308974,2.83756072218,3.74026583816,566.797306046,2.83756072218,,426,152457.436931,6473091.79262,3351561.3719,32047029.3036,152457.436931,,
427,450071495.843,1007001.03966,3990683.03388,144670651.635,1007001.03966,,427,543918.69608,19135.1216774,41149.5524371,353769.011797,19135.1216774,,427,11141063.8289,195790062.105,46069908.7007,1544952917.84,11141063.8289,,
428,8503024.34138,735681.089444,3855827.60422,78334606.2379,735681.089444,,428,5959175.56197,423952.918884,1004795.98665,92644131.0997,423952.918884,,428,37597221.8911,1173346351.27,447410132.013,1.36062693904e+11,37597221.8911,,
429,47.7694605414,2179.31581415,241.777961608,22014.5947791,47.7694605414,,429,276077.990004,1866.48880427,11577.2708689,253695.164257,1866.48880427,,429,5198906.97715,58963064.5758,11842630.3352,7515441648.13,5198906.97715,,
430,63585.462877,1024.83827222,481.85569559,267406.659489,481.85569559,,430,52097.1679706,98927.6497843,28376.0812856,20034081.1335,28376.0812856,,430,3030764580.48,107573307.698,170322641.862,8288066055.61,107573307.698,,
431,1318319.71815,4387.84010638,15711.3332271,212119.454675,4387.84010638,,431,10821.4189755,105090.087449,27700.3242646,105314.011947,10821.4189755,,431,3662751123.87,4469933019.46,952841723.894,737963641.663,737963641.663,,
432,16289515.0156,358042825.458,170732323.062,20951208933.1,16289515.0156,,432,3393861536.26,6348531042.89,275755084.452,13581409049.4,275755084.452,,432,17880275.5978,275032.672444,1234150.61788,48167320.7641,275032.672444,,
433,260332.057713,1657.40864263,9171.1236383,564157.508009,1657.40864263,,433,33909133.9902,4511973.04213,2107907.93695,45609526.0355,2107907.93695,,433,2695212.13563,231137.572925,2718159.46215,12133082.013,231137.572925,,
434,4137.31297272,243.871973493,397.806037073,67177.0423411,243.871973493,,434,1416927501.93,2.0654857183e+11,5.78161019515e+11,1.75806137594e+11,1416927501.93,,434,42.653823778,89.1029760209,41.9051499624,2153.11921011,41.9051499624,,
435,3249187254.8,3795004361.02,132742955.347,4893837939.15,132742955.347,,435,241368840.95,59267534.9918,14756907.7566,186184115.895,14756907.7566,,435,21815720.4363,372943.417004,455387.457839,65925026.3907,372943.417004,,
436,630522725.277,92822592643.1,4.56989599961e+11,1.0980106533e+11,630522725.277,,436,15495.8677499,498827.116035,311568.89536,49628425.4968,15495.8677499,,436,172561905.231,397809.727288,1866890.22377,73068608.3483,397809.727288,,
437,0.0077094877178,0.000181291383233,0.000324481656378,0.00236883570512,0.000181291383233,,437,4725434.86262,14594098.0978,38775231.0381,84377870.6046,4725434.86262,,437,52135872.1749,1524479.09028,307372.820591,31584911.3965,307372.820591,,
438,2.68246637332,0.119651453582,0.941204431647,5.95165097824,0.119651453582,,438,61381615.7674,3802940.15779,29579749.499,392531579.026,3802940.15779,,438,1235117599.85,647333753.381,1446538336.35,33569109770.1,647333753.381,,
439,13361657.0276,329366172.239,230749993.626,758088094.444,13361657.0276,,439,3648272.651,81179868.7349,29210183.4182,4805372556.67,3648272.651,,439,19921848.9741,3517987.21723,577676.154387,45312738.8459,577676.154387,,
440,3.76499092359,0.623225070184,0.430038060319,16.6316737664,0.430038060319,,440,34797475.0364,242936.148185,916935.569481,42912230.8164,242936.148185,,440,20548374.9125,289720.694794,57881.9812156,8438385.16032,57881.9812156,,
441,30600827.6117,6122640.54682,592090.84829,9840285.20698,592090.84829,,441,95349.5524731,14671.489805,4879.99707661,131658.646501,4879.99707661,,441,188423.02924,502102.21493,645273.768495,11960461.3673,188423.02924,,
442,0.137416789494,0.00608189552159,0.15154782707,0.657643795596,0.00608189552159,,442,5220472.05308,80282.5146249,303447.488495,66112376.2425,80282.5146249,,442,170599955.776,282158.181162,2710409.61059,144335421.741,282158.181162,,
443,6106.51114387,768.253416952,5316.50597133,33791.8004514,768.253416952,,443,10651.6150293,3459386.36706,5756629.00942,3271108.54643,10651.6150293,,443,10863333.3236,34929.6046657,328728.963125,15316017.6585,34929.6046657,,
444,97391.199085,41853706.6985,30954149.046,27919729.8074,97391.199085,,444,665.582272556,56528.6856927,12066.5863526,1719357.53047,665.582272556,,444,284864.517312,13727035.8593,6419074.9711,109875722.378,284864.517312,,
445,873.004452002,354.218817675,4041.52527798,16803.8025243,354.218817675,,445,30525450.9456,250319448.905,139514175.024,3258204071.37,30525450.9456,,445,526693941.587,19856889762.6,7492657026.02,1.64847062185e+12,526693941.587,,
446,1610.06100702,52.9985722136,63.5231119624,408.649198079,52.9985722136,,446,1907095511.91,48618668629.5,41172563765.6,8942522177.91,1907095511.91,,446,103121703.206,55160471.7211,21451265.715,23945391.4859,21451265.715,,
447,4.71835852786,0.542217751637,0.489381105435,1.19070320545,0.489381105435,,447,208978.934114,9045.83455164,31830.9688464,776202.370662,9045.83455164,,447,100826383.594,14135136.574,3099692.93394,93049612.311,3099692.93394,,
448,9.18954196743e-05,4.68124335994e-06,4.584953972e-06,0.000388618196738,4.584953972e-06,,448,187.447216627,1.61456683115,7.14248424743,438.071343893,1.61456683115,,448,191599.698378,4911828.09773,776205.241402,79212430.0097,191599.698378,,
449,1.60665992293e-07,2.13711081297e-08,4.77367519984e-08,2.39729665282e-07,2.13711081297e-08,,449,2.04527074329e-13,7.00042952008e-15,1.42634329928e-14,2.37689564633e-13,7.00042952008e-15,,449,8.90996362313e-12,1.19092197713e-12,2.52837532595e-12,7.48535437818e-12,1.19092197713e-12,,
450,4.80085051007e-15,9.21018070928e-16,2.06369125574e-15,1.74661829514e-14,9.21018070928e-16,,450,4.5083171908e-12,8.54646718056e-12,5.51951687606e-12,6.95496940732e-12,4.5083171908e-12,,450,2.84040866062e-09,1.41236959188e-09,1.38144482763e-09,3.02678153687e-08,1.38144482763e-09,,
451,11788023.5428,42672.1294546,107742.267389,3600469.54451,42672.1294546,,451,1389763.45775,15817.0282846,61940.9527466,1070674.82495,15817.0282846,,451,40169167.8659,638601392.641,160695718.243,5851359760.7,40169167.8659,,
452,33335.3192181,5363.36091002,41095.3169459,636164.351079,5363.36091002,,452,23744664.8018,425463.249986,1122706.62616,182722804.816,425463.249986,,452,51882564.3682,1527535015.2,572776296.911,10651705473.9,51882564.3682,,
453,0.0286018384557,1.03283299414,0.241595367134,26.9732026495,0.0286018384557,,453,276217.885248,1663.6538688,8015.67971339,435791.6784,1663.6538688,,453,8713973.68042,92666181.3795,22551414.1211,12954662385.1,8713973.68042,,
454,727.46073833,6.23878074389,13.153268503,3169.07601117,6.23878074389,,454,60.0022467035,113.593363667,41.138478444,12650.6734426,41.138478444,,454,76343614080.6,1.18926337738e+13,3.62500110319e+13,2.62847421569e+13,76343614080.6,,
455,7488.09306056,238.606569129,772.295260901,233959.395339,238.606569129,,455,332865757.777,680987.362755,4156084.90798,69402690.3419,680987.362755,,455,5832589644.58,1.63819950002e+11,2.16497013459e+11,3.33450206506e+11,5832589644.58,,
456,11.9121536388,0.355818950065,0.832488242871,612.462455096,0.355818950065,,456,584982.214037,101637.358131,628378.561269,8601739.44646,101637.358131,,456,588.816053466,341.930879265,306.988255189,93872.2093523,306.988255189,,
457,3.70626257832,0.00564566706611,0.016610286562,0.976294915151,0.00564566706611,,457,44576.724867,87969.6916994,57415.6883223,1853451.59049,44576.724867,,457,35278118316.9,18120630417.8,750920893.344,60130826573.7,750920893.344,,
458,67348.6372226,496620.927825,404362.884229,59345942.8071,67348.6372226,,458,2.39144892792e-05,9.3702713666e-07,3.29494363444e-06,0.000178368599524,9.3702713666e-07,,458,131943454.672,13866267.4618,60804801.1402,1285773940.68,13866267.4618,,
459,1286.13170533,5497.44167203,8372.97861812,81750.3897687,1286.13170533,,459,5080.09210596,647.541476996,378.944701026,14238.7534047,378.944701026,,459,27298154206.2,4.11077272594e+12,1.76956041109e+13,9.22092404752e+12,27298154206.2,,
460,66.6852725897,46.8974642692,20.2881190831,125.072737164,20.2881190831,,460,2013.34145298,4902.69723987,2292.0070038,565609.010901,2013.34145298,,460,23278896439.6,989140228.096,1076967605.34,2.01184937727e+11,989140228.096,,
461,347199748.914,20203929.558,12251608.5046,316925065.741,12251608.5046,,461,250.551335499,2.30545300082,5.43838968235,91.0507230171,2.30545300082,,461,60159617.9976,6683707.68316,64162216.7955,175838692.187,6683707.68316,,
462,0.00063027912907,9.95076253604e-06,6.68374422994e-05,0.000865874977319,9.95076253604e-06,,462,5253614.59168,585708.701278,148836.44999,4739602.37927,148836.44999,,462,38019104.0901,956942.247474,1216556.12332,16949873.1378,956942.247474,,
463,8439.32204168,260.602980967,619.770688819,62769.2107519,260.602980967,,463,1002.43955179,18487.6066078,76114.8599883,58406.6358859,1002.43955179,,463,6308959607.48,514013567.924,123174331.923,6564950201.0,123174331.923,,
464,9.28104196746e-16,1.87122727037e-16,9.66164309945e-16,1.6180636735e-14,1.87122727037e-16,,464,3.86609984725e-14,1.62101006289e-15,5.52834501209e-15,1.34447706308e-14,1.62101006289e-15,,464,5.15241477336e-12,1.11035512328e-12,1.3532189136e-12,7.30629763299e-11,1.11035512328e-12,,464,15076563712.1,51907905.6112,180492948.713,9614491284.17,51907905.6112,,
465,9.57542881235e-18,1.25096614762e-18,1.40747061977e-17,1.57547745744e-17,1.25096614762e-18,,465,24848671.2178,1682514.24151,1059718.65074,80391.2529519,80391.2529519,,465,0.647194201713,0.063265983233,0.152842524818,0.304994708054,0.063265983233,,465,3.09175087649e-05,1.56772503758e-06,7.89282208298e-07,1.89463973433e-08,1.89463973433e-08,,
466,1041305364.06,100355676.741,656756568.522,1815921827.9,100355676.741,,466,1.41631449844e-10,4.98346476938e-12,4.49754137455e-11,3.51019533821e-10,4.98346476938e-12,,466,1.78321554584e-07,5.6475053506e-08,4.63099014102e-08,1.21765091294e-08,1.21765091294e-08,,466,55293472.1015,26131131.9439,121952132.36,4267010637.15,26131131.9439,,
467,8.02346979882e-06,8.3464422558e-07,8.24873958275e-06,0.000169117544276,8.3464422558e-07,,467,1.30169987566e-10,3.61955573909e-11,4.10303676622e-11,1.02192992876e-10,3.61955573909e-11,,467,6953.42913448,402.202906535,240.117944718,46621.3559507,240.117944718,,467,35707632.1452,15894686.2634,86208156.2732,7581808732.57,15894686.2634,,
468,1.27526762484e-08,1.8479191878e-08,2.4475993872e-08,5.40696669522e-07,1.27526762484e-08,,468,6.24934012377e-12,3.07526931687e-14,2.58603825374e-13,3.57861293276e-12,3.07526931687e-14,,468,5.17320262659e-16,1.60681738308e-18,2.65144876588e-18,1.47011371981e-16,1.60681738308e-18,,468,9.78981834226e+12,78490789936.9,84671874051.6,9.8347091553e+12,78490789936.9,,
469,5.72394005021e-06,3.09037196612e-06,4.01178537312e-06,6.74565882486e-06,3.09037196612e-06,,469,2.36468083298e-10,6.71022654992e-11,1.62628086974e-10,2.8639222858e-10,6.71022654992e-11,,469,0.283556668205,0.0460818172348,0.0962491366745,1.90503346445,0.0460818172348,,469,16588098.1609,4795147.92977,4156712.69027,3738330.10962,3738330.10962,,
470,501848.630769,411264.200443,272169.765234,69316.1175421,69316.1175421,,470,100.165967844,1070.16266596,52.92646828,1315.485213,52.92646828,,470,3.87216138344e-09,3.45878375442e-08,2.55654369472e-08,1.09050529529e-08,3.87216138344e-09,,470,1.20562820295e-26,3.75092440395e-27,1.36102865518e-27,1.58165877139e-28,1.58165877139e-28,,
471,218404777.06,24240425.3854,17168287.6889,3716954.55023,3716954.55023,,471,4.27181314467e-07,5.47601700625e-08,3.74611516634e-08,5.03622406098e-09,5.03622406098e-09,,471,456917.440885,3228.34681198,4004.086708,89647.6974903,3228.34681198,,471,4.5867602049e-06,1.57384761574e-07,1.03400420126e-07,4.11467901857e-09,4.11467901857e-09,,
472,343989.47179,284097.631551,232088.775792,9803427.8419,232088.775792,,472,3.40820248335e-19,1.95401330553e-21,7.53115379594e-21,1.35002176391e-19,1.95401330553e-21,,472,1.92216571684e-12,8.67454756037e-14,1.71457552784e-13,3.92135098944e-12,8.67454756037e-14,,472,1224884918.83,12649853.9133,11532915.0207,932670171.172,11532915.0207,,
473,1734732.40758,241054.076566,79914.7499611,12772642.0693,79914.7499611,,473,5.3121057543e-05,4.29278019437e-05,1.64800923528e-05,0.00139079741695,1.64800923528e-05,,473,4617.83019141,2465.17595267,110.127975155,496.688564857,110.127975155,,473,4.98998804298e-14,1.7239092092e-14,2.28462821247e-15,2.1526358184e-16,2.1526358184e-16,,
474,2.73650590733e+11,82394925173.5,11379897149.8,7.55390078296e+11,11379897149.8,,474,9.12334044851e-13,1.92228167554e-12,5.39455281462e-13,4.6882373459e-12,5.39455281462e-13,,474,158575918.043,24725072.9996,10339270.8568,35130856.7845,10339270.8568,,474,0.000308831369335,0.000143389774423,1.29670766506e-05,1.53447636403e-06,1.53447636403e-06,,
475,3.89613112237e-15,2.03890715738e-15,2.10655435173e-15,2.66335559884e-14,2.03890715738e-15,,475,12783671137.8,2398835923.58,699700679.38,70261483219.4,699700679.38,,475,2.33657771348e-14,3.57971403759e-15,8.77356239328e-15,5.66167881196e-13,3.57971403759e-15,,475,505611.384762,119523.563088,357825.342459,342275307.645,119523.563088,,
476,3.54502691773e-11,1.50620509874e-10,2.64395752909e-11,2.00193916518e-10,2.64395752909e-11,,476,0.000146919337932,3.115470383e-06,1.12452684148e-05,4.28466191061e-05,3.115470383e-06,,476,88.311727308,3.91867285797,1.45727024821,70.9250597766,1.45727024821,,476,1.13315728741e+13,49994582467.1,7721589227.21,158108589.5,158108589.5,,
477,0.000155496285215,3.5067956169e-05,1.58850947763e-05,0.000209078982494,1.58850947763e-05,,477,692.597847907,3368.85330787,208.944638586,4962.62600226,208.944638586,,477,0.0572451378883,0.0200745764687,0.00261114109538,0.252631746542,0.00261114109538,,477,52.0445759401,1.56929374201,0.219167488948,0.0758831470986,0.0758831470986,,
478,1815970.25679,466944.455236,3201111.98756,58571540.2609,466944.455236,,478,4.80679702237e-12,1.80547556126e-13,2.77034046947e-13,4.9293927079e-12,1.80547556126e-13,,478,7751.26105993,550.653647455,263.787854325,17.8970910114,17.8970910114,,478,900.949191055,16.6081931053,2.50135270077,0.197082576354,0.197082576354,,
479,56362058350.6,2066830827.95,17281551312.5,67332762406.9,2066830827.95,,479,1.06301445444e-12,4.94976172443e-14,2.83145877995e-13,4.49885570469e-12,4.94976172443e-14,,479,1.99487703214e-13,5.97836436075e-15,7.34320913436e-14,4.69276660684e-12,5.97836436075e-15,,479,897635076.319,49622606.2349,703648875.952,6.18778515838e+11,49622606.2349,,
480,6.70357640544,0.538937848028,7.58039772683,84.4170222375,0.538937848028,,480,3.34771270073e-08,1.01381504407e-09,5.01461744397e-09,3.03562462438e-08,1.01381504407e-09,,480,104.937253634,26.2105819954,431.558227505,61211.462896,26.2105819954,,480,742896.291389,26992.4028041,639416.691695,1394851.25804,26992.4028041,,
