Donor,D01,D02,D03,D04,D05,D06,D07,D09,D10,D11,D12,D13,D14,D18,D19,D20,D21,D22,D23,D24,D25,D26,D27,D28,D29,D31,D32,D33,D34,D36,D38,D40,D42,D43,D44,D45,D46,D47,D48,D49,D50,D55,D56,D57,D58,D60,D61,D62,D63,D64,D65,D66,D67,D68,D69,D70,D71,D72,D73,D74,D75,D76,D77,D78,D79,D80,D81,D82,D83,D84,D85
D8S1179,12;14,14;15,14;15,13;15,13;14,10;12,10;14,11;14,13;16,12;14,14;14,8;14,14;15,11;14,13;13,11;14,13;15,13;14,10;15,14;14,11;15,11;12,14;14,10;15,14;15,11;12,13;14,11;13,12;14,14;14,13;15,14;14,14;14,12;15,13;15,10;14,12;15,13;14,11;15,10;13,12;15,16;17,9;13,12;15,12;14,13;14,13;16,15;15,14;16,13;15,10;13,12;13,13;13,11;14,12;13,13;14,13;13,13;14,13;13,12;13,14;15,13;14,11;14,13;14,13;15,13;13,13;13,11;16,13;14,12;13,12;13
D21S11,28;32.2,28;29,29;30.2,29;31.2,29;32.2,29;31,28;30,31;31,32.2;32.2,30;32.2,29;31.2,29;29,31.2;32.2,29;30,29;33.2,28;30,29;29.2,30;31.2,28;29,30.2;32,29;32.2,29;31.2,30;30.2,29;30,29;29,28;30,28;33.2,29;31,28;31,30;31.2,30;30,30;31.2,28;30.2,27;31,28;29,29;31.2,28;29,26;28,29;30.2,30;32,27;29,29;31.2,30;30,30;31,29;30,29;33.2,31.2;32.2,28;30,28;32.2,31.2;32.2,30;31.2,28;30,31.2;32.2,28;28,28;30,28;30,30;31.2,29;31,29;29,31.2;32.2,29;32.2,30;32.2,30;32,28;29,29;30,27;35,30;30,28;31.2,28;30,27;35,30;30
D7S820,10;11,8;11,10;10,11;11,8;10,11;11,10;10,10;12,10;10,10;10,9;11,8;8,10;12,7;8,11;12,10;11,11;11,9;10,10;10,9;9,10;12,7;11,8;11,8;10,10;12,11;12,9;12,10;12,9;9,10;10,10;12,8;9,8;10,9;13,11;11,8;12,11;11,8;10,9;12,8;10,8;13,8;8,8;10,8;11,8;10,10;11,10;11,10;11,11;11,10;11,8;10,8;11,10;11,10;12,10;11,10;11,10;12,10;10,8;9,9;12,10;11,11;12,8;8,7;12,8;11,10;12,11;21,8;10,10;10,10;12,8;8
CSF1PO,10;10,10;11,11;11,12;13,9;13,10;12,11;11,9;11,10;10,11;11,10;12,9;10,10;13,12;12,11;11,8;11,12;12,11;11,12;14,11;12,12;12,10;11,10;12,10;12,10;10,10;12,12;12,9;10,12;12,7;8,10;10,7;12,12;12,11;12,11;12,11;12,10;12,11;13,11;12,12;13,12;13,11;12,10;12,12;12,9;11,10;12,10;10,8;11,9;10,10;10,10;12,10;12,11;12,10;11,10;12,10;11,12;12,11;12,12;12,9;12,12;13,10;11,7;9,12;12,10;12,10;11,11;11,11;11,11;12,11;14,8;12
D3S1358,14;15,16;16,14;17,17;17,15;16,15;18,15;16,16;16,16;17,16;16,15;16,14;18,16;17,18;18,17;18,17;18,15;16,15;16,15;16,15;18,14;18,16;16,15;17,14;15,16;17,15;16,15;18,16;17,18;19,16;17,15;17,13;16,15;15,15;16,15;16,16;18,17;17,16;17,16;18,15;16,15;17,15;17,16;17,15;17,15;18,15;16,15;18,15;18,16;17,16;18,14;16,14;15,16;16,14;17,15;15,15;17,15;15,17;17,17;17,15;16,14;16,16;16,15;16,18;18,17;18,16;16,16;18,17;18,15;15,16;17,16;16
TH01,6;9.3,7;9,6;7,9;9,6;9,6;9,6;7,8;9.3,6;8,7;9.3,9;9.3,6;8,9;9.3,6;9.3,6;7,7;8,9;9,7;8,6;6,6;9.3,9.3;9.3,7;9.3,6;6,7;9,6;9,7;7,7;8,6;7,6;9.3,7;7,8;9.3,6;9,8;9.3,9;9.3,6;8,7;9.3,7;7,6;9.3,6;6,7;10,9.3;9.3,6;7,7;9.3,6;7,8;8,7;8,9;9.3,7;7,6;7,6;9,6;9.3,7;7,8;10,6;7,7;7,9;9.3,9;9.3,6;7,9;9.3,8;9.3,6;7,9.3;9.3,7;8,8.9;8.9,7;7,7;9,6;8,7;9.3,8;9.3,7;8,9;9.3
D13S317,11;11,12;13,11;12,9;9,8;13,12;12,11;12,9;12,8;11,11;13,11;14,8;9,11;13,11;13,10;11,12;13,11;12,10;12,12;13,11;12,10;11,8;13,9;14,12;13,11;11,8;11,9;12,8;10,8;9,12;12,10;12,11;12,12;13,9;12,11;12,8;12,11;14,12;12,12;12,8;10,9;13,8;8,9;12,11;12,11;13,11;12,12;12,12;13,12;12,12;13,11;11,9;14,11;13,9;13,14;14,11;13,11;14,11;13,12;12,13;13,11;12,13;13,11;14,11;12,12;14,11;11,12;13,8;12,11;11,11;11,11;12
D16S539,11;13,11;11,13;13,9;13,11;11,9;11,11;12,11;11,11;12,11;12,10;11,10;12,12;13,11;11,8;10,9;13,9;13,11;11,11;11,11;12,12;13,9;12,11;13,11;13,11;11,11;11,9;12,11;12,11;13,12;13,11;13,12;12,11;13,12;13,9;12,9;11,9;9,11;13,12;13,11;13,12;13,9;11,11;12,10;11,11;11,11;12,11;12,11;11,11;12,11;12,9;10,11;11,11;13,9;9,11;11,8;9,11;14,9;13,8;8,9;12,8;11,12;13,12;12,9;13,11;12,9;11,11;13,11;12,5;11,11;11,9;13
D2S1338,20;25,17;19,20;20,19;23,20;25,18;19,16;19,23;25,17;18,16;25,23;25,19;22,18;23,22;24,17;24,21;23,20;24,17;19,19;25,17;20,23;23,20;23,19;23,17;22,20;20,18;24,17;20,17;18,24;27,18;20,17;19,16;22,20;25,16;24,17;21,17;19,16;17,20;25,18;21,17;23,17;17,19;26,17;17,19;24,18;22,17;24,17;24,20;22,20;24,17;18,16;17,22;24,19;23,24;25,24;25,20;20,17;20,24;25,17;17,19;24,17;25,19;19,16;26,19;21,18;19,24;25,17;23,17;23,20;22,19;24,20;24
D19S433,14;14,12;15.2,13;15,13;15,12;14,12;16,13;15,13;15,12;13,13;14,12;14,12;14,14;16,13;15.2,13.2;14,12.2;15.2,14;15.2,13;15,14;14,13.2;16,13;15,13;14,13;13,14;15,13;15,13;14,14;14,15.2;17,13.2;15.2,13;15.2,14;15.2,13.2;15.2,14;14,13;13,12;13,13;14,12;15.2,13;13,13;14,13;15.2,14;15,14;16.2,13;14.2,15;16.2,12;13,14;15,12;14,13;15.2,13.2;14,13;15,13;14,14;14,9;13,13;14,14;14,14;15,12.2;15.2,13;13,14;15.2,14;14,13;14,14;14,11;13,14;15,14;14,11.2;13,14.2;16,12;14,13;13.2,11.2; 15,13.2;14
VWA,17;18,15;16,17;17,14;17,16;16,14;18,15;15,16;17,15;16,16;17,15;18,16;17,16;19,16;17,17;18,15;16,14;18,15;16,14;16,14;16,15;17,15;19,17;17,16;17,17;19,16;16,17;18,15;16,17;18,15;19,17;17,16;18,15;18,16;16,16;19,14;16,16;20,16;18,19;19,14;19,16;18,14;16,15;18,15;16,15;17,15;18,17;17,16;19,14;18,16;17,17;17,15;19,14;14,16;17,15;15,18;18,14;18,16;17,17;17,14;16,14;17,15;18,16;18,17;19,14;17,13;15,16;17,14;18,17;18,15;17,16;18
TPOX,8;8,8;11,8;8,8;12,8;8,11;11,6;11,8;10,11;11,9;11,8;9,8;9,8;8,12;12,8;10,8;11,8;9,8;8,8;8,8;8,8;8,8;10,8;11,8;10,9;11,8;11,8;8,9;10,8;11,8;10,8;11,7;10,8;8,8;8,8;8,8;9,8;9,8;11,9;10,11;11,8;8,8;8,8;12,8;11,9;9,8;8,8;9,8;9,8;11,8;10,8;10,6;10,10;10,8;11,6;10,8;8,9;11,8;8,9;11,7;11,8;8,8;8,7;11,8;10,8;12,9;10,8;8,8;11,10;11,9;11,9;12
D18S51,12;15,12;15,12;15,13;13,12;16,15;22,15;17,12;19,12;14,13;16,12;15,12;14,12;14,15;15,14;15,13;19,14;17,17;18,13;14,16;17,13;16,12;17,13;18,11;18,15;24,16;19,13;14,12;14,16;16,17;18,13;17,20;21,13;15,13;14,12;13,14;17,16;18,15;17,14;15,14;15,16;19,16;17,11;14,14;14,16;17,14;17,15;17,13.2;13.2,17;18,12;13,14;14,15;19,15;16,14;14,17;19,12;15,17;18,17;17,14;15,16;17,16;19,16;17,15;19,14;15,14;17,13.2;16,13;16,15;16,14;19,16;17,13;16
D5S818,11;13,11;12,10;12,11;13,11;11,11;12,10;11,11;12,10;12,13;13,11;13,11;13,12;12,11;12,9;12,10;13,11;11,11;12,11;12,9;13,12;13,11;13,11;14,10;11,9;11,11;13,12;12,9;14,11;11,12;13,12;12,11;12,12;13,11;12,11;11,11;11,10;12,12;12,11;12,9;12,11;12,7;10,11;12,11;13,12;13,10;12,11;13,12;13,12;12,10;11,10;13,11;12,11;11,12;12,11;13,10;12,8;11,7;13,7;12,12;12,11;13,11;13,11;12,12;12,11;12,10;12,11;11,12;13,12;12,12;12,12;13
FGA,19;22,23;25,22;22,23;24,21;23,24;26,19;19,21;24,20;23,21;24,22;23,22;25,20;22,20;24,24;26,22;25,19;23,22;25,23;24,25;25,21;23,21;24,21;21,21;24,18;21,20;22,21;24,19;21,26;27,24;24,22;25,24;26,20;23,20;23,22;23,21;25,22;24,20;22.2,21;21,22;27,20;20,21;21,21;22.2,22.2;24,23;24,21;23,20;20,22;23,22;46.2,19;20,18;25,22;23,22;23,21;26,18.2;22,19;23,23;24,21;22,21;21,22;26,19;22,21;21,22;23,24;25,21;22,24;25,20;24,20;20,21;25,24;25,23;25
